CCTV1,
CCTV-4K,
CCTV1,
CCTV10,
CCTV11,
CCTV12,
CCTV13,
CCTV14,
CCTV15,
CCTV16,
CCTV17,
CCTV2,
CCTV3,
CCTV4,
CCTV4美洲,
CCTV4欧洲,
CCTV5,
CCTV5+,
CCTV6,
CCTV7,
CCTV8,
CCTV9,
CETV1,
CETV2,
CETV4,
CETV生态环境,
CGTN,
CGTN阿语,
CGTN俄语,
CGTN法语,
CGTN纪录,
CGTN西语,
CHC动作电影,
CHC家庭影院,
CHC影迷电影,
IPTV法治,
IPTV军旅,
IPTV武术,
IPTV野外,
NHK世界台,
阿里郎,
爱大剧,
爱电影,
爱上4K,
爱生活,
爱体育,
爱综艺,
安徽卫视,
安丘综合,
澳视卫星,
北京卫视,
北京卫视4K,
滨州民生,
滨州综合,
兵团卫视,
财富天下,
茶,
昌乐综合,
昌邑综合,
车迷,
城市剧场,
茌平综合,
岱岳综合,
单县综合,
德州生活,
德州综合,
地理,
电影大片,
谍战剧场,
定陶综合,
东阿综合,
东方财经,
东方卫视,
东方卫视4K,
东明综合,
东南卫视,
东平综合,
东营公共,
东营综合,
动画,
动漫秀场,
动作影院,
都市剧场,
法兰西,
法治天地,
肥城综合,
凤凰卫视,
凤凰香港,
凤凰资讯,
甘肃卫视,
高密综合,
高青综合,
古装剧场,
冠县综合,
光影,
广东卫视,
广东卫视4K,
广饶综合,
广西卫视,
贵州卫视,
国学,
哈哈炫动,
海南卫视,
海峡卫视,
海阳综合,
海阳综艺,
海洋频道,
好学生,
河北卫视,
河东综合,
河南卫视,
菏泽1,
菏泽2,
黑龙江卫视,
红色影院,
湖北卫视,
湖南卫视,
湖南卫视4K,
欢笑剧场,
环球旅游,
桓台综合,
黄岛生活,
黄岛综合,
惠民综合,
吉林卫视,
纪实科教,
济南都市,
济南教育,
济南鲁中,
济南少儿,
济南生活,
济南体育,
济南文旅,
济南娱乐,
济南综合,
济宁高新,
济宁公共,
济宁生活,
济宁综合,
济阳综合,
家庭理财,
家庭影院,
嘉佳卡通,
嘉祥综合,
鉴赏,
江苏卫视,
江苏卫视4K,
江西卫视,
胶州综合,
解密,
金色学堂,
金鹰纪实,
金鹰卡通,
劲爆体育,
经典电影,
经典剧场,
睛彩广场舞,
睛彩竞技,
睛彩篮球,
精彩影视,
精选,
居家购物,
莒南综合,
莒县综合,
巨野新闻,
聚鲨环球,
鄄城综合,
军旅剧场,
卡酷少儿,
康巴卫视,
快乐垂钓,
莱西综合,
兰陵公共,
兰陵综合,
岚山综合,
崂山1,
崂山综合,
乐游,
梨园,
历城综合,
梁山综合,
辽宁卫视,
聊城民生,
聊城综合,
临清综合,
临朐综合,
临沭综合,
临邑综合,
陵城综合,
龙口综合,
旅游卫视,
美人,
美妆,
魅力时尚,
魅力足球,
蒙阴综合,
墨宝,
牟平生活,
牟平综合,
内蒙古卫视,
宁津综合,
宁夏卫视,
宁阳生活,
宁阳综合,
农林卫视,
欧洲新闻,
蓬莱综合,
平度综合,
平阴综合,
平原综合,
栖霞综合,
齐河综合,
汽摩,
青岛QTV1,
青岛QTV2,
青岛QTV3,
青岛QTV4,
青岛QTV5,
青岛QTV6,
青海卫视,
青州文旅,
青州综合,
求索纪录,
曲阜综合,
热播剧场,
热血剧场,
任城生活,
任城综合,
日照公共,
日照科教,
日照综合,
荣成综合,
乳山综合,
三沙卫视,
厦门卫视,
山东海洋,
山东交通广播,
山东教育,
山东经济广播,
山东农科,
山东齐鲁,
山东少儿,
山东生活,
山东体育,
山东卫视,
山东卫视4K,
山东文旅,
山东新闻,
山东综合广播,
山东综艺,
山西卫视,
陕西卫视,
商河综合,
少儿动画,
莘县综合,
深圳卫视,
深圳卫视4K,
生活时尚,
收视指南,
寿光蔬菜,
寿光综合,
书画,
四川卫视,
四川卫视4K,
四海钓鱼,
泰山综合,
天津卫视,
威海生活,
威海综合,
潍坊高新,
潍坊公共,
潍坊生活,
潍坊文旅,
潍坊综合,
文登综合,
文物宝库,
汶上综合,
无棣综合,
五星体育,
武城综合,
武城综艺,
武术世界,
武侠剧场,
西藏卫视,
喜剧影院,
戏曲,
夏津公共,
夏津综合,
先锋乒羽,
相声小品,
新动漫,
新加坡新闻,
新疆卫视,
新泰乡村,
新泰综合,
星影,
烟台公共,
烟台经济,
烟台影视,
烟台综合,
延边卫视,
兖州新闻,
央广购物,
阳信综合,
沂水生活,
沂水综合,
沂源综合,
音乐现场,
优购物,
优漫卡通,
优优宝贝,
游戏风云,
鱼台生活,
鱼台综合,
禹城综合,
禹城综艺,
云南卫视,
郓城综合,
早教,
沾化综合,
张店综合,
章丘综合,
长岛综合,
长清综合,
招远综合,
浙江卫视,
浙江卫视4K,
智慧康养,
中国交通,
中华特产,
中央新影发现之旅,
中央新影老故事,
中央新影中学生,
重庆卫视,
重温经典影视,
周村新闻,
诸城综合,
淄博民生,
淄博文旅,
淄博影视,
淄博综合,
淄川新闻,
邹城综合,
邹平综合,
足球,
