name,url
[BD]澳视澳门[geo-blocked],https://stream1.freetv.fun/ao-shi-ao-men-6.m3u8
[BD]澳視澳門,https://stream1.freetv.fun/ao-shi-ao-men-1.m3u8
[BD]澳門綜藝,https://stream1.freetv.fun/ao-men-zong-yi-1.m3u8
[BD]澳视综艺,https://stream1.freetv.fun/ao-shi-zong-yi-2.m3u8
[BD]澳视葡文,https://stream1.freetv.fun/ao-shi-pu-wen-3.m3u8
[BD]澳視葡文,https://stream1.freetv.fun/ao-shi-pu-wen-1.m3u8
[BD]澳视资讯,https://stream1.freetv.fun/ao-shi-zi-xun-1.m3u8
[BD]ช่อง 澳視體育,https://stream1.freetv.fun/ch-ng-ao-shi-ti-yu-1.m3u8
[BD]澳视体育[geo-blocked],https://stream1.freetv.fun/ao-shi-ti-yu-2.m3u8
[BD]澳門體育,https://stream1.freetv.fun/ao-men-ti-yu-1.m3u8
[BD]澳门macau,https://stream1.freetv.fun/ao-men-macau-1.m3u8
[BD]澳門MACAU,https://stream1.freetv.fun/ao-men-macau-2.m3u8
[BD]澳门莲花,https://stream1.freetv.fun/ao-men-lian-hua-3.m3u8
[BD]澳門資訊,https://stream1.freetv.fun/ao-men-zi-xun-2.m3u8
[SD]beverly hills 90210,https://stream1.freetv.fun/beverly-hills-90210-1.m3u8
[BD]5 star max usa *s[geo-blocked],https://stream1.freetv.fun/5-star-max-usa--s-1.m3u8
[SD]a e =,https://stream1.freetv.fun/a-e-2.ctv
[VGA]a e east (720p),https://stream1.freetv.fun/a-e-east-3.ctv
[SD]us a e,https://stream1.freetv.fun/us-a-e-1.ctv
[BD]abc 7 buffalo ny,https://stream1.freetv.fun/abc-7-buffalo-ny-1.m3u8
[BD]abc[geo-blocked],https://stream1.freetv.fun/abc-1.ctv
[HD]miami,https://stream1.freetv.fun/miami-1.m3u8
[HD]ช่อง abc news,https://stream1.freetv.fun/ch-ng-abc-news-1.m3u8
[BD]abc news *wj,https://stream1.freetv.fun/abc-news--wj-1.m3u8
[BD]abc news live 5,https://stream1.freetv.fun/abc-news-live-5-4.m3u8
[BD]abc news live 6,https://stream1.freetv.fun/abc-news-live-6-1.m3u8
[BD]abc news live 2,https://stream1.freetv.fun/abc-news-live-2-3.m3u8
[BD]abc news live 3,https://stream1.freetv.fun/abc-news-live-3-1.m3u8
[BD]abc news live 8,https://stream1.freetv.fun/abc-news-live-8-3.m3u8
[BD]abc news live 9,https://stream1.freetv.fun/abc-news-live-9-1.m3u8
[BD]abc news live 10,https://stream1.freetv.fun/abc-news-live-10-1.m3u8
[BD]abc news live 4,https://stream1.freetv.fun/abc-news-live-4-1.m3u8
[BD]abc news live 1,https://stream1.freetv.fun/abc-news-live-1-4.m3u8
[BD]abc news live 7,https://stream1.freetv.fun/abc-news-live-7-1.m3u8
[HD]usa abc,https://stream1.freetv.fun/usa-abc-1.ctv
[SD]tvs flashback network (360p),https://stream1.freetv.fun/tvs-flashback-network-2.m3u8
[VGA]tvs talk network,https://stream1.freetv.fun/tvs-talk-network-2.m3u8
[HD]akc tv,https://stream1.freetv.fun/akc-tv-2.m3u8
[BD]us amc,https://stream1.freetv.fun/us-amc-1.ctv
[BD]amc,https://stream1.freetv.fun/amc-10.m3u8
[BD]amc thrillers ==[geo-blocked],https://stream1.freetv.fun/amc-thrillers-4.ctv
[HD]thrillers 365,https://stream1.freetv.fun/thrillers-365-1.m3u8
[BD]accuweather now,https://stream1.freetv.fun/accuweather-now-2.m3u8
[VGA]amazing discoveries tv (720p),https://stream1.freetv.fun/amazing-discoveries-tv-4.m3u8
[SD]great american country,https://stream1.freetv.fun/great-american-country-1.m3u8
[BD]american ninja warrior,https://stream1.freetv.fun/american-ninja-warrior-1.m3u8
[BD]american crimes,https://stream1.freetv.fun/american-crimes-1.m3u8
[BD]animal planet *m[geo-blocked],https://stream1.freetv.fun/animal-planet--m-2.ctv
[SD]animal planet uhd *m[geo-blocked],https://stream1.freetv.fun/animal-planet-uhd--m-1.ctv
[VGA]animal planet,https://stream1.freetv.fun/animal-planet-16.ctv
[BD]animal planet *wj,https://stream1.freetv.fun/animal-planet--wj-1.m3u8
[HD]atlanta channel,https://stream1.freetv.fun/atlanta-channel-1.m3u8
[HD]us bet,https://stream1.freetv.fun/us-bet-1.ctv
[HD]baby shark tv,https://stream1.freetv.fun/baby-shark-tv-4.m3u8
[HD]ช่อง bally sports sun,https://stream1.freetv.fun/ch-ng-bally-sports-sun-1.m3u8
[HD]ช่อง bally sports midwest,https://stream1.freetv.fun/ch-ng-bally-sports-midwest-1.m3u8
[SD]us bally sports detroit,https://stream1.freetv.fun/us-bally-sports-detroit-1.ctv
[HD]ช่อง bally sports north,https://stream1.freetv.fun/ch-ng-bally-sports-north-2.m3u8
[HD]ช่อง bally sports southeast carolinas,https://stream1.freetv.fun/ch-ng-bally-sports-southeast-carolinas-1.m3u8
[BD]bein sports xtra,https://stream1.freetv.fun/bein-sports-xtra-1.m3u8
[SD]30a the beach show (720p),https://stream1.freetv.fun/30a-the-beach-show-3.m3u8
[SD]beach tv panama city (720p),https://stream1.freetv.fun/beach-tv-panama-city-3.m3u8
[HD]bein sports usa,https://stream1.freetv.fun/bein-sports-usa-2.m3u8
[SD]big ten network=,https://stream1.freetv.fun/big-ten-network-3.ctv
[BD]black news channel,https://stream1.freetv.fun/black-news-channel-6.m3u8
[HD]bloomberg tv europe (720p),https://stream1.freetv.fun/bloomberg-tv-europe-1.m3u8
[HD]bloomberg ht,https://stream1.freetv.fun/bloomberg-ht-5.m3u8
[BD]bloomberg tv plus[geo-blocked],https://stream1.freetv.fun/bloomberg-tv-plus-9.m3u8
[BD]bloomberg quicktake,https://stream1.freetv.fun/bloomberg-quicktake-1.m3u8
[BD]bloomberg originals[geo-blocked],https://stream1.freetv.fun/bloomberg-originals-1.m3u8
[BD]bloomberg news *m[geo-blocked],https://stream1.freetv.fun/bloomberg-news--m-1.ctv
[SD]bloomberg ==,https://stream1.freetv.fun/bloomberg-5.ctv
[BD]bloomberg tv asia,https://stream1.freetv.fun/bloomberg-tv-asia-1.m3u8
[BD]bloomberg fr[geo-blocked],https://stream1.freetv.fun/bloomberg-fr-1.m3u8
[HD]bloomberg tv,https://stream1.freetv.fun/bloomberg-tv-7.m3u8
[HD]bloomberg tv australia (270p),https://stream1.freetv.fun/bloomberg-tv-australia-1.m3u8
[BD]boomerang *m[geo-blocked],https://stream1.freetv.fun/boomerang--m-1.ctv
[BD]boomerang 1 *m[geo-blocked],https://stream1.freetv.fun/boomerang-1--m-1.ctv
[BD]boomerang ==,https://stream1.freetv.fun/boomerang-12.ctv
[VGA]bravoo,https://stream1.freetv.fun/bravoo-1.m3u8
[BD]bravo vault,https://stream1.freetv.fun/bravo-vault-2.m3u8
[HD]bravo east,https://stream1.freetv.fun/bravo-east-1.m3u8
[SD]bravo plus 1,https://stream1.freetv.fun/bravo-plus-1-1.m3u8
[BD]bravo tv,https://stream1.freetv.fun/bravo-tv-1.m3u8
[HD]bravo =[geo-blocked],https://stream1.freetv.fun/bravo-2.ctv
[BD]catholic tv,https://stream1.freetv.fun/catholic-tv-3.m3u8
[SD]jewelry television (720p),https://stream1.freetv.fun/jewelry-television-2.m3u8
[HD]coral gables television,https://stream1.freetv.fun/coral-gables-television-1.m3u8
[SD]newfoundland television (480p),https://stream1.freetv.fun/newfoundland-television-2.m3u8
[SD]millbrae community television (720p),https://stream1.freetv.fun/millbrae-community-television-2.m3u8
[HD]television espoir 47,https://stream1.freetv.fun/television-espoir-47-1.m3u8
[BD]jewelry television espanol,https://stream1.freetv.fun/jewelry-television-espanol-1.m3u8
[BD]ptl television network (1080p),https://stream1.freetv.fun/ptl-television-network-3.m3u8
[BD]monroe county television mctv,https://stream1.freetv.fun/monroe-county-television-mctv-1.m3u8
[BD]america television,https://stream1.freetv.fun/america-television-1.m3u8
[BD]salsa gorda television,https://stream1.freetv.fun/salsa-gorda-television-1.m3u8
[HD]gi television,https://stream1.freetv.fun/gi-television-1.m3u8
[HD]ici television,https://stream1.freetv.fun/ici-television-1.m3u8
[SD]long beach television (720p),https://stream1.freetv.fun/long-beach-television-2.m3u8
[VGA]impacto television,https://stream1.freetv.fun/impacto-television-1.m3u8
[SD]television caribbean (1080p),https://stream1.freetv.fun/television-caribbean-2.m3u8
[HD]newport beach television (720p),https://stream1.freetv.fun/newport-beach-television-2.m3u8
[BD]monte carlo digital television (1080p),https://stream1.freetv.fun/monte-carlo-digital-television-1.m3u8
[HD]beverly hills television 35 (720p),https://stream1.freetv.fun/beverly-hills-television-35-1.m3u8
[HD]beverly hills television 10 (720p),https://stream1.freetv.fun/beverly-hills-television-10-1.m3u8
[BD]new canaan television 79 (nctv79) (new canaan ct) (1080p),https://stream1.freetv.fun/new-canaan-television-79-1.m3u8
[BD]manatee schools television mstv (manatee county fl) (1080p),https://stream1.freetv.fun/manatee-schools-television-mstv-1.m3u8
[VGA]tln media chicago,https://stream1.freetv.fun/tln-media-chicago-1.m3u8
[BD]cbs *wj,https://stream1.freetv.fun/cbs--wj-1.m3u8
[BD]cps drama,https://stream1.freetv.fun/cps-drama-1.ctv
[HD]mlb network,https://stream1.freetv.fun/mlb-network-2.m3u8
[HD]yes network,https://stream1.freetv.fun/yes-network-2.ctv
[HD]cbs sports network usa,https://stream1.freetv.fun/cbs-sports-network-usa-3.m3u8
[HD]cbs (wcbs) new york,https://stream1.freetv.fun/cbs--new-york-2.ctv
[SD]cbs network ==,https://stream1.freetv.fun/cbs-network-2.ctv
[HD]cbs news,https://stream1.freetv.fun/cbs-news-1.m3u8
[HD]cbs news new york,https://stream1.freetv.fun/cbs-news-new-york-2.m3u8
[HD]cbs news boston,https://stream1.freetv.fun/cbs-news-boston-1.m3u8
[SD]cbs news detroit (720p),https://stream1.freetv.fun/cbs-news-detroit-2.m3u8
[HD]cbs news chicago,https://stream1.freetv.fun/cbs-news-chicago-2.m3u8
[SD]cbs news bay area (720p),https://stream1.freetv.fun/cbs-news-bay-area-2.m3u8
[HD]cbs news texas,https://stream1.freetv.fun/cbs-news-texas-2.m3u8
[HD]cbs news 24/7,https://stream1.freetv.fun/cbs-news-24-7-4.m3u8
[HD]cbs news colorado (720p),https://stream1.freetv.fun/cbs-news-colorado-1.m3u8
[HD]cbs news minnesota,https://stream1.freetv.fun/cbs-news-minnesota-1.m3u8
[SD]cbs news miami (720p),https://stream1.freetv.fun/cbs-news-miami-1.m3u8
[BD]cbs news *wj,https://stream1.freetv.fun/cbs-news--wj-1.m3u8
[HD]cbs sports network ==,https://stream1.freetv.fun/cbs-sports-network-3.ctv
[BD]stingray classica[geo-blocked],https://stream1.freetv.fun/stingray-classica-4.m3u8
[SD]cnt,https://stream1.freetv.fun/cnt-1.m3u8
[SD]mnb world (1080p),https://stream1.freetv.fun/mnb-world-3.m3u8
[HD]cnbc,https://stream1.freetv.fun/cnbc-3.m3u8
[HD]cnbc mgl,https://stream1.freetv.fun/cnbc-mgl-1.m3u8
[HD]cnbc tv18[geo-blocked],https://stream1.freetv.fun/cnbc-tv18-1.m3u8
[BD]us cnbc,https://stream1.freetv.fun/us-cnbc-1.ctv
[HD]cnbc *wj,https://stream1.freetv.fun/cnbc--wj-1.m3u8
[BD]cnn fast,https://stream1.freetv.fun/cnn-fast-1.m3u8
[BD]cnn =[geo-blocked],https://stream1.freetv.fun/cnn-1.ctv
[BD]cnn *wj[geo-blocked],https://stream1.freetv.fun/cnn--wj-1.m3u8
[BD]cnn int[geo-blocked],https://stream1.freetv.fun/cnn-int-4.m3u8
[SD]acnn (480p),https://stream1.freetv.fun/acnn-2.m3u8
[BD]cnn *m[geo-blocked],https://stream1.freetv.fun/cnn--m-1.ctv
[HD]hln,https://stream1.freetv.fun/hln-3.m3u8
[HD]pro sport international,https://stream1.freetv.fun/pro-sport-international-1.m3u8
[BD]racer international,https://stream1.freetv.fun/racer-international-1.m3u8
[BD]clan internacional,https://stream1.freetv.fun/clan-internacional-1.m3u8
[VGA]tastemade international,https://stream1.freetv.fun/tastemade-international-3.m3u8
[BD]cbc news international[geo-blocked],https://stream1.freetv.fun/cbc-news-international-1.ctv
[BD]cna international,https://stream1.freetv.fun/cna-international-1.m3u8
[BD]beyblade en español,https://stream1.freetv.fun/beyblade-en-espanol-1.m3u8
[HD]cops en español,https://stream1.freetv.fun/cops-en-espanol-1.m3u8
[SD]csi en español,https://stream1.freetv.fun/csi-en-espanol-1.m3u8
[HD]ny en español,https://stream1.freetv.fun/ny-en-espanol-1.m3u8
[SD]hallmark en español,https://stream1.freetv.fun/hallmark-en-espanol-1.m3u8
[HD]afv en español[geo-blocked],https://stream1.freetv.fun/afv-en-espanol-1.m3u8
[BD]cnn en español,https://stream1.freetv.fun/cnn-en-espanol-1.m3u8
[BD]rt en español,https://stream1.freetv.fun/rt-en-espanol-1.m3u8
[BD]ช่อง california music channel,https://stream1.freetv.fun/ch-ng-california-music-channel-1.m3u8
[BD]california music channel usa,https://stream1.freetv.fun/california-music-channel-usa-1.m3u8
[BD]music channel,https://stream1.freetv.fun/music-channel-1.m3u8
[SD]cartoon network ==,https://stream1.freetv.fun/cartoon-network-17.ctv
[BD]cartoon netwrk *m[geo-blocked],https://stream1.freetv.fun/cartoon-netwrk--m-1.ctv
[HD]cartoon network *m[geo-blocked],https://stream1.freetv.fun/cartoon-network--m-2.ctv
[HD]cartoon network uhd *m[geo-blocked],https://stream1.freetv.fun/cartoon-network-uhd--m-1.ctv
[BD]cartoon network 1 *m[geo-blocked],https://stream1.freetv.fun/cartoon-network-1--m-1.ctv
[VGA]arte network,https://stream1.freetv.fun/arte-network-1.m3u8
[SD]ca cartoon network,https://stream1.freetv.fun/ca-cartoon-network-1.ctv
[SD]cartoonito *m[geo-blocked],https://stream1.freetv.fun/cartoonito--m-3.ctv
[BD]cartoonito,https://stream1.freetv.fun/cartoonito-1.ctv
[VGA]cetelmón tv,https://stream1.freetv.fun/cetelmon-tv-1.m3u8
[BD]christian youth channel,https://stream1.freetv.fun/christian-youth-channel-4.m3u8
[BD]cinemax moviemax east *s[geo-blocked],https://stream1.freetv.fun/cinemax-moviemax-east--s-1.m3u8
[BD]cinemax,https://stream1.freetv.fun/cinemax-14.ctv
[BD]cinemax *wj,https://stream1.freetv.fun/cinemax--wj-1.m3u8
[BD]us cinemax,https://stream1.freetv.fun/us-cinemax-1.ctv
[SD]classic movies channel,https://stream1.freetv.fun/classic-movies-channel-2.m3u8
[SD]30a tv classic movies,https://stream1.freetv.fun/30a-tv-classic-movies-2.m3u8
[VGA]tvs classic movies,https://stream1.freetv.fun/tvs-classic-movies-1.m3u8
[BD]classic movies =,https://stream1.freetv.fun/classic-movies-2.ctv
[SD]pluto tv classic movies,https://stream1.freetv.fun/pluto-tv-classic-movies-1.m3u8
[BD]concord tv,https://stream1.freetv.fun/concord-tv-1.m3u8
[BD]rakuten tv comedy movies[geo-blocked],https://stream1.freetv.fun/rakuten-tv-comedy-movies-3.m3u8
[SD]pluto tv comedy movies,https://stream1.freetv.fun/pluto-tv-comedy-movies-1.m3u8
[HD]court tv,https://stream1.freetv.fun/court-tv-1.m3u8
[BD]us court tv,https://stream1.freetv.fun/us-court-tv-1.ctv
[HD]crime plus investigation,https://stream1.freetv.fun/crime-plus-investigation-1.m3u8
[BD]ci罪案侦缉 *wj,https://stream1.freetv.fun/cizui-an-zhen-qi---wj-1.m3u8
[SD]discovery science *m[geo-blocked],https://stream1.freetv.fun/discovery-science--m-3.ctv
[BD]diy network *m[geo-blocked],https://stream1.freetv.fun/diy-network--m-1.ctv
[SD]diy network ==,https://stream1.freetv.fun/diy-network-1.ctv
[HD]ning tv,https://stream1.freetv.fun/ning-tv-1.m3u8
[HD]jin tv,https://stream1.freetv.fun/jin-tv-1.m3u8
[HD]discovery family channel,https://stream1.freetv.fun/discovery-family-channel-1.m3u8
[HD]discovery family *m[geo-blocked],https://stream1.freetv.fun/discovery-family--m-1.ctv
[SD]discovery *m[geo-blocked],https://stream1.freetv.fun/discovery--m-2.ctv
[BD]discovery uhd *m[geo-blocked],https://stream1.freetv.fun/discovery-uhd--m-1.ctv
[HD]discovery life =,https://stream1.freetv.fun/discovery-life-4.ctv
[SD]discovery life *m[geo-blocked],https://stream1.freetv.fun/discovery-life--m-1.ctv
[HD]discovery velocity *m[geo-blocked],https://stream1.freetv.fun/discovery-velocity--m-1.ctv
[BD]disney=,https://stream1.freetv.fun/disney-2.ctv
[HD]disney xd(mas) =[geo-blocked],https://stream1.freetv.fun/disney-xd-1.ctv
[HD]usa-disney jr,https://stream1.freetv.fun/usa-disney-jr-1.ctv
[HD]disney channel ==,https://stream1.freetv.fun/disney-channel-18.ctv
[HD]disney jr,https://stream1.freetv.fun/disney-jr-5.m3u8
[VGA]disney junior[geo-blocked],https://stream1.freetv.fun/disney-junior-9.ctv
[BD]ช่อง dove channel,https://stream1.freetv.fun/ch-ng-dove-channel-1.m3u8
[SD]e!entertainment =,https://stream1.freetv.fun/e-entertainment-2.ctv
[HD]espn brasil 2,https://stream1.freetv.fun/espn-brasil-2-2.ctv
[HD]espn brasil 3,https://stream1.freetv.fun/espn-brasil-3-1.ctv
[HD]us espn 2,https://stream1.freetv.fun/us-espn-2-1.ctv
[HD]espn,https://stream1.freetv.fun/espn-2.ctv
[HD]espn *s[geo-blocked],https://stream1.freetv.fun/espn--s-1.m3u8
[HD]us espn news,https://stream1.freetv.fun/us-espn-news-1.ctv
[HD]espnews,https://stream1.freetv.fun/espnews-1.m3u8
[HD]espn u,https://stream1.freetv.fun/espn-u-2.m3u8
[HD]ewtn africa asia[geo-blocked],https://stream1.freetv.fun/ewtn-africa-asia-1.m3u8
[SD]ewtn asia-pacific (720p) [not 24/7][geo-blocked],https://stream1.freetv.fun/ewtn-asia-pacific-4.m3u8
[HD]ewtn[geo-blocked],https://stream1.freetv.fun/ewtn-3.m3u8
[HD]ewtn el canal católico[geo-blocked],https://stream1.freetv.fun/ewtn-el-canal-catolico-1.m3u8
[HD]esports max,https://stream1.freetv.fun/esports-max-1.m3u8
[BD]cine estrella,https://stream1.freetv.fun/cine-estrella-1.m3u8
[BD]estrella tv,https://stream1.freetv.fun/estrella-tv-1.m3u8
[BD]estrella tv east,https://stream1.freetv.fun/estrella-tv-east-1.m3u8
[HD]entella tv,https://stream1.freetv.fun/entella-tv-2.m3u8
[HD]food network,https://stream1.freetv.fun/food-network-8.m3u8
[HD]fox 13 seattle wa,https://stream1.freetv.fun/fox-13-seattle-wa-1.m3u8
[HD]fox 5 new york ny,https://stream1.freetv.fun/fox-5-new-york-ny-1.m3u8
[HD]fox 11 los angeles ca,https://stream1.freetv.fun/fox-11-los-angeles-ca-1.m3u8
[SD]abc 7 los angeles ca (kabc-tv) (720p),https://stream1.freetv.fun/abc-7-los-angeles-ca-1.m3u8
[HD]fox news *wj,https://stream1.freetv.fun/fox-news--wj-1.m3u8
[BD]fox now[geo-blocked],https://stream1.freetv.fun/fox-now-1.m3u8
[BD]fox sports,https://stream1.freetv.fun/fox-sports-2.m3u8
[HD]fox sports en espanol,https://stream1.freetv.fun/fox-sports-en-espanol-1.m3u8
[HD]ช่อง fox sports southwest plus,https://stream1.freetv.fun/ch-ng-fox-sports-southwest-plus-1.m3u8
[VGA]fox sports 2,https://stream1.freetv.fun/fox-sports-2-4.ctv
[SD]fox sport 2,https://stream1.freetv.fun/fox-sport-2-2.ctv
[HD]hmong tv network,https://stream1.freetv.fun/hmong-tv-network-2.m3u8
[BD]fubo sports network,https://stream1.freetv.fun/fubo-sports-network-1.m3u8
[HD]us fxm,https://stream1.freetv.fun/us-fxm-1.ctv
[HD]fxm ===,https://stream1.freetv.fun/fxm-1.ctv
[HD]ca fxx,https://stream1.freetv.fun/ca-fxx-1.ctv
[HD]us fxx,https://stream1.freetv.fun/us-fxx-1.ctv
[BD]sports first[geo-blocked],https://stream1.freetv.fun/sports-first-1.m3u8
[SD]fightbox,https://stream1.freetv.fun/fightbox-4.m3u8
[BD]nh network,https://stream1.freetv.fun/nh-network-1.ctv
[SD]fox business *y,https://stream1.freetv.fun/fox-business--y-1.m3u8
[BD]kids flix,https://stream1.freetv.fun/kids-flix-1.m3u8
[VGA]fox news,https://stream1.freetv.fun/fox-news-11.m3u8
[HD]us fox news,https://stream1.freetv.fun/us-fox-news-1.ctv
[HD]fox news channel,https://stream1.freetv.fun/fox-news-channel-3.m3u8
[HD]ช่อง fox sports 1,https://stream1.freetv.fun/ch-ng-fox-sports-1-1.m3u8
[HD]fox sport 1,https://stream1.freetv.fun/fox-sport-1-1.ctv
[HD]fox weather,https://stream1.freetv.fun/fox-weather-3.m3u8
[VGA]freeform (720p),https://stream1.freetv.fun/freeform-2.ctv
[HD]ช่อง golf channel,https://stream1.freetv.fun/ch-ng-golf-channel-2.m3u8
[HD]hbo 2 west *m[geo-blocked],https://stream1.freetv.fun/hbo-2-west--m-1.ctv
[BD]hbo west *m[geo-blocked],https://stream1.freetv.fun/hbo-west--m-1.ctv
[SD]hbo comedy ==,https://stream1.freetv.fun/hbo-comedy-6.ctv
[BD]hbo comedy *m[geo-blocked],https://stream1.freetv.fun/hbo-comedy--m-1.ctv
[BD]hbo east *m[geo-blocked],https://stream1.freetv.fun/hbo-east--m-1.ctv
[BD]hbo 2 east *m[geo-blocked],https://stream1.freetv.fun/hbo-2-east--m-1.ctv
[BD]hbo east =,https://stream1.freetv.fun/hbo-east-2.ctv
[BD]hbo east *s[geo-blocked],https://stream1.freetv.fun/hbo-east--s-1.m3u8
[SD]hbo family *m[geo-blocked],https://stream1.freetv.fun/hbo-family--m-2.ctv
[HD]hbo family(usa) ==,https://stream1.freetv.fun/hbo-family-7.ctv
[BD]hbo family *wj,https://stream1.freetv.fun/hbo-family--wj-2.m3u8
[BD]hbo famliy[geo-blocked],https://stream1.freetv.fun/hbo-famliy-1.m3u8
[BD]cbn family,https://stream1.freetv.fun/cbn-family-2.m3u8
[HD]home plus,https://stream1.freetv.fun/home-plus-1.m3u8
[BD]hbo原创巨献 *wj,https://stream1.freetv.fun/hboyuan-chuang-ju-xian---wj-1.m3u8
[HD]hbo signature *m[geo-blocked],https://stream1.freetv.fun/hbo-signature--m-1.ctv
[BD]hbo signature(usa) ===,https://stream1.freetv.fun/hbo-signature-19.ctv
[BD]hbo signature *wj[geo-blocked],https://stream1.freetv.fun/hbo-signature--wj-1.m3u8
[SD]hbo ====,https://stream1.freetv.fun/hbo-4.ctv
[HD]hbo usa *s[geo-blocked],https://stream1.freetv.fun/hbo-usa--s-1.m3u8
[BD]hbo zone *m[geo-blocked],https://stream1.freetv.fun/hbo-zone--m-1.ctv
[SD]hbo zone =,https://stream1.freetv.fun/hbo-zone-5.ctv
[BD]hbo zone *s[geo-blocked],https://stream1.freetv.fun/hbo-zone--s-1.m3u8
[BD]hbo 1,https://stream1.freetv.fun/hbo-1-2.m3u8
[BD]hbo *wj,https://stream1.freetv.fun/hbo--wj-2.m3u8
[BD]hbo(tw) *s[geo-blocked],https://stream1.freetv.fun/hbo--s-1.m3u8
[SD]hgtv *m[geo-blocked],https://stream1.freetv.fun/hgtv--m-1.ctv
[HD]ช่อง hgtv,https://stream1.freetv.fun/ch-ng-hgtv-1.m3u8
[HD]hsn2,https://stream1.freetv.fun/hsn2-1.m3u8
[SD]hsn,https://stream1.freetv.fun/hsn-2.m3u8
[HD]us hallmark channel,https://stream1.freetv.fun/us-hallmark-channel-1.ctv
[HD]hallmark channel east,https://stream1.freetv.fun/hallmark-channel-east-2.m3u8
[HD]hallo movies,https://stream1.freetv.fun/hallo-movies-2.m3u8
[BD]hallmark movies *s[geo-blocked],https://stream1.freetv.fun/hallmark-movies--s-1.m3u8
[HD]hallmark movies mysteries east,https://stream1.freetv.fun/hallmark-movies-mysteries-east-2.m3u8
[SD]hallmark movies more,https://stream1.freetv.fun/hallmark-movies-more-3.m3u8
[BD]hi-yah! (1080p)[geo-blocked],https://stream1.freetv.fun/hi-yah-1.m3u8
[BD]history 2 *m[geo-blocked],https://stream1.freetv.fun/history-2--m-1.ctv
[SD]viju history,https://stream1.freetv.fun/viju-history-3.m3u8
[SD]history[geo-blocked],https://stream1.freetv.fun/history-13.ctv
[BD]history hunters,https://stream1.freetv.fun/history-hunters-1.m3u8
[SD]pluto tv history,https://stream1.freetv.fun/pluto-tv-history-3.m3u8
[SD]beyond history,https://stream1.freetv.fun/beyond-history-1.m3u8
[HD]history hit,https://stream1.freetv.fun/history-hit-1.m3u8
[BD]history uhd *m[geo-blocked],https://stream1.freetv.fun/history-uhd--m-2.ctv
[SD]true history (720p),https://stream1.freetv.fun/true-history-3.m3u8
[BD]history tv18,https://stream1.freetv.fun/history-tv18-1.m3u8
[HD]us history,https://stream1.freetv.fun/us-history-1.ctv
[HD]history *m[geo-blocked],https://stream1.freetv.fun/history--m-2.ctv
[BD]pbs history,https://stream1.freetv.fun/pbs-history-1.m3u8
[BD]history *wj,https://stream1.freetv.fun/history--wj-1.m3u8
[BD]history2(usa) *s[geo-blocked],https://stream1.freetv.fun/history2--s-1.m3u8
[HD]ion plus east,https://stream1.freetv.fun/ion-plus-east-1.m3u8
[HD]ช่อง infowars,https://stream1.freetv.fun/ch-ng-infowars-1.m3u8
[SD]investigation discovery *m[geo-blocked],https://stream1.freetv.fun/investigation-discovery--m-1.ctv
[HD]id *m[geo-blocked],https://stream1.freetv.fun/id--m-1.ctv
[SD]id investigation discovery европа,https://stream1.freetv.fun/id-investigation-discovery-evropa-1.m3u8
[BD]investigation,https://stream1.freetv.fun/investigation-1.m3u8
[HD]kajou tv,https://stream1.freetv.fun/kajou-tv-1.m3u8
[HD]cbs news los angeles (720p),https://stream1.freetv.fun/cbs-news-los-angeles-1.m3u8
[HD]kids channel,https://stream1.freetv.fun/kids-channel-1.m3u8
[SD]kiro-dt1 (1080p),https://stream1.freetv.fun/kiro-dt1-2.m3u8
[SD]biznet lifestyle,https://stream1.freetv.fun/biznet-lifestyle-1.m3u8
[BD]lifetime *m[geo-blocked],https://stream1.freetv.fun/lifetime--m-1.ctv
[SD]lifetime(tw)---,https://stream1.freetv.fun/lifetime-10.ctv
[HD]love hip hop,https://stream1.freetv.fun/love-hip-hop-1.m3u8
[HD]tv max,https://stream1.freetv.fun/tv-max-3.m3u8
[BD]l1 max,https://stream1.freetv.fun/l1-max-1.m3u8
[VGA]mlb[geo-blocked],https://stream1.freetv.fun/mlb-1.m3u8
[BD]msnbc ==,https://stream1.freetv.fun/msnbc-3.ctv
[BD]us msnbc,https://stream1.freetv.fun/us-msnbc-1.ctv
[SD]mtv 2=,https://stream1.freetv.fun/mtv-2-1.ctv
[BD]umtv,https://stream1.freetv.fun/umtv-1.m3u8
[VGA]rmtv,https://stream1.freetv.fun/rmtv-1.m3u8
[HD]mtv,https://stream1.freetv.fun/mtv-9.m3u8
[BD]yo! mtv,https://stream1.freetv.fun/yo--mtv-1.m3u8
[HD]mdtv[geo-blocked],https://stream1.freetv.fun/mdtv-1.m3u8
[SD]mtv live uhd *m[geo-blocked],https://stream1.freetv.fun/mtv-live-uhd--m-1.ctv
[VGA]mtv live,https://stream1.freetv.fun/mtv-live-11.ctv
[SD]mtv live *s[geo-blocked],https://stream1.freetv.fun/mtv-live--s-1.m3u8
[BD]motor trend,https://stream1.freetv.fun/motor-trend-4.m3u8
[HD]us motortrend,https://stream1.freetv.fun/us-motortrend-1.ctv
[BD]mystery science theater 3000=[geo-blocked],https://stream1.freetv.fun/mystery-science-theater-3000-5.ctv
[BD]nascar,https://stream1.freetv.fun/nascar-1.m3u8
[HD]national geographic wild *m[geo-blocked],https://stream1.freetv.fun/national-geographic-wild--m-1.ctv
[SD]nat geo wild,https://stream1.freetv.fun/nat-geo-wild-7.m3u8
[HD]nat geo *m[geo-blocked],https://stream1.freetv.fun/nat-geo--m-2.ctv
[BD]nat geo uhd *m[geo-blocked],https://stream1.freetv.fun/nat-geo-uhd--m-2.ctv
[BD]wild nature,https://stream1.freetv.fun/wild-nature-1.m3u8
[BD]nat geo wild *m[geo-blocked],https://stream1.freetv.fun/nat-geo-wild--m-1.ctv
[BD]nat geo wild uhd *m[geo-blocked],https://stream1.freetv.fun/nat-geo-wild-uhd--m-1.ctv
[HD]us nat geo wild east,https://stream1.freetv.fun/us-nat-geo-wild-east-1.ctv
[SD]nba tv ==[geo-blocked],https://stream1.freetv.fun/nba-tv-8.ctv
[SD]nrb tv (480p),https://stream1.freetv.fun/nrb-tv-3.m3u8
[HD]ช่อง nbc buffalo,https://stream1.freetv.fun/ch-ng-nbc-buffalo-1.m3u8
[HD]nbc news,https://stream1.freetv.fun/nbc-news-2.m3u8
[BD]nbc news now,https://stream1.freetv.fun/nbc-news-now-9.m3u8
[VGA]nbc sports boston (1080p),https://stream1.freetv.fun/nbc-sports-boston-2.ctv
[BD]nbc sports,https://stream1.freetv.fun/nbc-sports-3.m3u8
[VGA]nbc sports bay area (720p),https://stream1.freetv.fun/nbc-sports-bay-area-1.ctv
[HD]ช่อง nesn,https://stream1.freetv.fun/ch-ng-nesn-1.m3u8
[HD]nfl redzone,https://stream1.freetv.fun/nfl-redzone-1.ctv
[BD]nhl,https://stream1.freetv.fun/nhl-1.m3u8
[HD]nfl network,https://stream1.freetv.fun/nfl-network-3.m3u8
[BD]pll network,https://stream1.freetv.fun/pll-network-1.m3u8
[BD]news12 brooklyn[geo-blocked],https://stream1.freetv.fun/news12-brooklyn-1.m3u8
[HD]news nation,https://stream1.freetv.fun/news-nation-2.m3u8
[BD]newsmax tv,https://stream1.freetv.fun/newsmax-tv-2.m3u8
[BD]newsmax 2,https://stream1.freetv.fun/newsmax-2-4.m3u8
[BD]nick jr,https://stream1.freetv.fun/nick-jr-1.m3u8
[SD]nick *m[geo-blocked],https://stream1.freetv.fun/nick--m-1.ctv
[HD]teen nick,https://stream1.freetv.fun/teen-nick-1.m3u8
[BD]nick jr *wj,https://stream1.freetv.fun/nick-jr--wj-1.m3u8
[VGA]nick music,https://stream1.freetv.fun/nick-music-1.m3u8
[HD]ca own,https://stream1.freetv.fun/ca-own-1.ctv
[HD]usa own,https://stream1.freetv.fun/usa-own-1.ctv
[BD]outdoor channel,https://stream1.freetv.fun/outdoor-channel-4.m3u8
[HD]outdoor channel *m[geo-blocked],https://stream1.freetv.fun/outdoor-channel--m-1.ctv
[BD]tide tv,https://stream1.freetv.fun/tide-tv-1.m3u8
[SD]outside tv,https://stream1.freetv.fun/outside-tv-2.m3u8
[HD]inside outside,https://stream1.freetv.fun/inside-outside-1.m3u8
[HD]oxygen east,https://stream1.freetv.fun/oxygen-east-2.m3u8
[HD]us oxygen,https://stream1.freetv.fun/us-oxygen-1.ctv
[VGA]paramount plus picks,https://stream1.freetv.fun/paramount-plus-picks-1.m3u8
[BD]paramount,https://stream1.freetv.fun/paramount-4.m3u8
[HD]paramount network *m[geo-blocked],https://stream1.freetv.fun/paramount-network--m-1.ctv
[SD]pbs kids,https://stream1.freetv.fun/pbs-kids-1.m3u8
[HD]pbs kids alaska,https://stream1.freetv.fun/pbs-kids-alaska-1.m3u8
[HD]pbs kids pacific,https://stream1.freetv.fun/pbs-kids-pacific-1.m3u8
[HD]pbs kids mountain,https://stream1.freetv.fun/pbs-kids-mountain-1.m3u8
[HD]pbs kids hawaii,https://stream1.freetv.fun/pbs-kids-hawaii-1.m3u8
[HD]pbs,https://stream1.freetv.fun/pbs-4.ctv
[HD]paramount network east,https://stream1.freetv.fun/paramount-network-east-2.m3u8
[BD]us paramount network,https://stream1.freetv.fun/us-paramount-network-1.ctv
[BD]paramount network spain,https://stream1.freetv.fun/paramount-network-spain-1.m3u8
[BD]paramount network ==[geo-blocked],https://stream1.freetv.fun/paramount-network-6.ctv
[HD]tna wrestling,https://stream1.freetv.fun/tna-wrestling-4.m3u8
[HD]pluto tv retro kid,https://stream1.freetv.fun/pluto-tv-retro-kid-1.m3u8
[HD]rete oro tv,https://stream1.freetv.fun/rete-oro-tv-1.m3u8
[SD]ryan and friends (1080p),https://stream1.freetv.fun/ryan-and-friends-4.m3u8
[SD]garfield and friends,https://stream1.freetv.fun/garfield-and-friends-2.m3u8
[HD]us showtime 2,https://stream1.freetv.fun/us-showtime-2-1.ctv
[BD]us showtime east,https://stream1.freetv.fun/us-showtime-east-1.ctv
[BD]showtime-,https://stream1.freetv.fun/showtime-7.ctv
[BD]showtime next =,https://stream1.freetv.fun/showtime-next-2.ctv
[SD]showtime *s[geo-blocked],https://stream1.freetv.fun/showtime--s-1.m3u8
[HD]showtime west,https://stream1.freetv.fun/showtime-west-2.m3u8
[HD]showtime 2 east,https://stream1.freetv.fun/showtime-2-east-2.m3u8
[BD]showtime east,https://stream1.freetv.fun/showtime-east-1.m3u8
[SD]south park italy,https://stream1.freetv.fun/south-park-italy-1.m3u8
[HD]south park en français,https://stream1.freetv.fun/south-park-en-francais-1.m3u8
[SD]south park,https://stream1.freetv.fun/south-park-1.m3u8
[HD]ช่อง spectrum sportsnet,https://stream1.freetv.fun/ch-ng-spectrum-sportsnet-1.m3u8
[HD]us spectrum sportsnet lakers,https://stream1.freetv.fun/us-spectrum-sportsnet-lakers-1.ctv
[HD]ca sportsnet 360,https://stream1.freetv.fun/ca-sportsnet-360-2.ctv
[BD]star sports 1 tamil,https://stream1.freetv.fun/star-sports-1-tamil-1.ctv
[BD]mta1 world,https://stream1.freetv.fun/mta1-world-1.m3u8
[BD]start world,https://stream1.freetv.fun/start-world-2.m3u8
[HD]starz east,https://stream1.freetv.fun/starz-east-1.m3u8
[BD]starz cinema-,https://stream1.freetv.fun/starz-cinema-9.ctv
[HD]starz encore classic east,https://stream1.freetv.fun/starz-encore-classic-east-1.m3u8
[BD]starz encore *s[geo-blocked],https://stream1.freetv.fun/starz-encore--s-1.m3u8
[SD]starz encore ==,https://stream1.freetv.fun/starz-encore-16.ctv
[HD]starz west *s[geo-blocked],https://stream1.freetv.fun/starz-west--s-1.m3u8
[BD]starz west =,https://stream1.freetv.fun/starz-west-1.ctv
[SD]syfy ==,https://stream1.freetv.fun/syfy-5.ctv
[HD]syfy east,https://stream1.freetv.fun/syfy-east-2.m3u8
[HD]us tbn,https://stream1.freetv.fun/us-tbn-1.ctv
[HD]bx inspire,https://stream1.freetv.fun/bx-inspire-2.m3u8
[BD]tbn inspire,https://stream1.freetv.fun/tbn-inspire-1.m3u8
[BD]tbn,https://stream1.freetv.fun/tbn-3.m3u8
[HD]tbs channel 1,https://stream1.freetv.fun/tbs-channel-1-2.m3u8
[BD]usa cmt,https://stream1.freetv.fun/usa-cmt-1.ctv
[BD]team usa,https://stream1.freetv.fun/team-usa-1.m3u8
[SD]the 360 channel,https://stream1.freetv.fun/the-360-channel-1.m3u8
[BD]tlc,https://stream1.freetv.fun/tlc-5.m3u8
[HD]tlc *m[geo-blocked],https://stream1.freetv.fun/tlc--m-5.ctv
[HD]tnt =,https://stream1.freetv.fun/tnt-1.ctv
[HD]travel xp,https://stream1.freetv.fun/travel-xp-5.m3u8
[HD]go2travel,https://stream1.freetv.fun/go2travel-1.m3u8
[SD]travel tv,https://stream1.freetv.fun/travel-tv-3.m3u8
[BD]intravel,https://stream1.freetv.fun/intravel-1.m3u8
[BD]travel plus,https://stream1.freetv.fun/travel-plus-1.m3u8
[BD]4k travel,https://stream1.freetv.fun/4k-travel-2.m3u8
[BD]travel xp *y,https://stream1.freetv.fun/travel-xp--y-1.m3u8
[BD]travel ch *m[geo-blocked],https://stream1.freetv.fun/travel-ch--m-1.ctv
[HD]urban travel,https://stream1.freetv.fun/urban-travel-1.m3u8
[SD]tsn 1 (usa) =,https://stream1.freetv.fun/tsn-1-5.ctv
[BD]tsn 2 (usa) ==[geo-blocked],https://stream1.freetv.fun/tsn-2-3.ctv
[BD]ca tsn 2,https://stream1.freetv.fun/ca-tsn-2-1.ctv
[HD]tsn4,https://stream1.freetv.fun/tsn4-2.ctv
[BD]telemundo florida,https://stream1.freetv.fun/telemundo-florida-2.m3u8
[BD]telemundo romance,https://stream1.freetv.fun/telemundo-romance-1.m3u8
[BD]telemundo accion,https://stream1.freetv.fun/telemundo-accion-1.m3u8
[SD]telemundo al dia,https://stream1.freetv.fun/telemundo-al-dia-1.m3u8
[BD]nbcu telemundo texas,https://stream1.freetv.fun/nbcu-telemundo-texas-1.m3u8
[HD]atp tennis tv,https://stream1.freetv.fun/atp-tennis-tv-1.ctv
[BD]tennis plus,https://stream1.freetv.fun/tennis-plus-1.m3u8
[SD]tennis,https://stream1.freetv.fun/tennis-1.ctv
[HD]the weather network[geo-blocked],https://stream1.freetv.fun/the-weather-network-2.m3u8
[BD]the now network,https://stream1.freetv.fun/the-now-network-1.m3u8
[SD]the word network (1080p)[geo-blocked],https://stream1.freetv.fun/the-word-network-2.m3u8
[SD]the design network (1080p),https://stream1.freetv.fun/the-design-network-2.m3u8
[BD]show,https://stream1.freetv.fun/show-2.m3u8
[BD]the country network,https://stream1.freetv.fun/the-country-network-1.m3u8
[VGA]wbtv at the movies,https://stream1.freetv.fun/wbtv-at-the-movies-2.m3u8
[BD]moviesphere *y,https://stream1.freetv.fun/moviesphere--y-1.m3u8
[BD]the retro channel,https://stream1.freetv.fun/the-retro-channel-1.m3u8
[HD]tom and jerry (720p),https://stream1.freetv.fun/tom-and-jerry-1.m3u8
[HD]toongoggles,https://stream1.freetv.fun/toongoggles-1.m3u8
[BD]toon google,https://stream1.freetv.fun/toon-google-1.m3u8
[HD]travel channel *m[geo-blocked],https://stream1.freetv.fun/travel-channel--m-1.ctv
[BD]travel channel,https://stream1.freetv.fun/travel-channel-5.ctv
[BD]tutv,https://stream1.freetv.fun/tutv-2.m3u8
[HD]ufa tv[geo-blocked],https://stream1.freetv.fun/ufa-tv-1.m3u8
[BD]ufc,https://stream1.freetv.fun/ufc-2.m3u8
[BD]universal westerns,https://stream1.freetv.fun/universal-westerns-1.m3u8
[BD]universal monsters,https://stream1.freetv.fun/universal-monsters-1.m3u8
[VGA]tv universal,https://stream1.freetv.fun/tv-universal-1.m3u8
[BD]univer tv,https://stream1.freetv.fun/univer-tv-1.m3u8
[BD]universal tv,https://stream1.freetv.fun/universal-tv-3.ctv
[HD]usa network,https://stream1.freetv.fun/usa-network-2.m3u8
[SD]us usa network,https://stream1.freetv.fun/us-usa-network-1.ctv
[SD]unbeaten (1080p),https://stream1.freetv.fun/unbeaten-2.m3u8
[BD]vevo retro rock[geo-blocked],https://stream1.freetv.fun/vevo-retro-rock-1.m3u8
[BD]vevo hp rb,https://stream1.freetv.fun/vevo-hp-rb-1.m3u8
[BD]vevo 90 00[geo-blocked],https://stream1.freetv.fun/vevo-90-00-1.m3u8
[HD]vevo regional mexicano,https://stream1.freetv.fun/vevo-regional-mexicano-2.m3u8
[SD]vevo country[geo-blocked],https://stream1.freetv.fun/vevo-country-2.m3u8
[HD]vevo '80s,https://stream1.freetv.fun/vevo--80s-2.m3u8
[SD]vevo pop,https://stream1.freetv.fun/vevo-pop-1.m3u8
[BD]vevo hip-hop et rnb,https://stream1.freetv.fun/vevo-hip-hop-et-rnb-1.m3u8
[VGA]vevo r b,https://stream1.freetv.fun/vevo-r-b-4.m3u8
[BD]vevo '90s '00s italy,https://stream1.freetv.fun/vevo--90s--00s-italy-1.m3u8
[BD]vevo pop spain,https://stream1.freetv.fun/vevo-pop-spain-1.m3u8
[BD]vevo pop germany,https://stream1.freetv.fun/vevo-pop-germany-1.m3u8
[BD]vevo schlager pop,https://stream1.freetv.fun/vevo-schlager-pop-1.m3u8
[BD]vevo pop italy,https://stream1.freetv.fun/vevo-pop-italy-1.m3u8
[BD]vevo hip-hop r b,https://stream1.freetv.fun/vevo-hip-hop-r-b-2.m3u8
[SD]vevo latino (1080p),https://stream1.freetv.fun/vevo-latino-2.m3u8
[HD]vevo '90s[geo-blocked],https://stream1.freetv.fun/vevo--90s-3.m3u8
[BD]vevo 2k,https://stream1.freetv.fun/vevo-2k-1.m3u8
[SD]vevo '70s[geo-blocked],https://stream1.freetv.fun/vevo--70s-2.m3u8
[HD]vevo true school hip-hop[geo-blocked],https://stream1.freetv.fun/vevo-true-school-hip-hop-2.m3u8
[BD]vevo pop fast,https://stream1.freetv.fun/vevo-pop-fast-1.m3u8
[BD]us vh1,https://stream1.freetv.fun/us-vh1-1.ctv
[BD]voa persian,https://stream1.freetv.fun/voa-persian-1.m3u8
[BD]swr 3 visual radio,https://stream1.freetv.fun/swr-3-visual-radio-1.m3u8
[HD]hype visual radio (1080p),https://stream1.freetv.fun/hype-visual-radio-1.m3u8
[BD]wbc tv,https://stream1.freetv.fun/wbc-tv-1.m3u8
[BD]warner tv *wj,https://stream1.freetv.fun/warner-tv--wj-1.m3u8
[BD]warner tv[geo-blocked],https://stream1.freetv.fun/warner-tv-4.m3u8
[HD]weathernation,https://stream1.freetv.fun/weathernation-4.m3u8
[HD]powernation tv[geo-blocked],https://stream1.freetv.fun/powernation-tv-1.m3u8
[HD]weathernation new york,https://stream1.freetv.fun/weathernation-new-york-1.m3u8
[SD]wild 'n out,https://stream1.freetv.fun/wild--n-out-3.m3u8
[HD]us willow cricket,https://stream1.freetv.fun/us-willow-cricket-1.ctv
[BD]willow sports,https://stream1.freetv.fun/willow-sports-1.m3u8
[BD]world fishing network--,https://stream1.freetv.fun/world-fishing-network-6.ctv
[BD]us world fishing network,https://stream1.freetv.fun/us-world-fishing-network-1.ctv
[HD]ช่อง world poker tour,https://stream1.freetv.fun/ch-ng-world-poker-tour-1.m3u8
[BD]world poker[geo-blocked],https://stream1.freetv.fun/world-poker-1.ctv
[BD]desire[geo-blocked],https://stream1.freetv.fun/desire-1.m3u8
[BD]wbtv love desire,https://stream1.freetv.fun/wbtv-love-desire-1.m3u8
[BD]yas tv,https://stream1.freetv.fun/yas-tv-2.m3u8
[VGA]extrema cartoons[geo-blocked],https://stream1.freetv.fun/extrema-cartoons-1.m3u8
[SD]awe (720p),https://stream1.freetv.fun/awe-3.m3u8
[HD]动物星球[geo-blocked],https://stream1.freetv.fun/dong-wu-xing-qiu-4.m3u8
[BD]动物星球 *wj,https://stream1.freetv.fun/dong-wu-xing-qiu---wj-2.m3u8
[SD]国家地理[geo-blocked],https://stream1.freetv.fun/guo-jia-di-li-2.m3u8
[BD]atv,https://stream1.freetv.fun/atv-5.m3u8
[BD]tvri world,https://stream1.freetv.fun/tvri-world-3.m3u8
[SD]axn *wj,https://stream1.freetv.fun/axn--wj-1.m3u8
[BD]cctv-8电视剧[geo-blocked],https://stream1.freetv.fun/cctv-8dian-shi-ju-7.ctv
[BD]cctv-12社会与法[geo-blocked],https://stream1.freetv.fun/cctv-12she-hui-yu-fa-2.ctv
[HD]cctv-5 体育赛事,https://stream1.freetv.fun/cctv-5-ti-yu-sai-shi-9.m3u8
[HD]cctv-4 asia,https://stream1.freetv.fun/cctv-4-asia-1.m3u8
[SD]animax[geo-blocked],https://stream1.freetv.fun/animax-8.ctv
[SD]hse24 trend,https://stream1.freetv.fun/hse24-trend-1.m3u8
[HD]mech plus,https://stream1.freetv.fun/mech-plus-1.m3u8
[BD]icc plus,https://stream1.freetv.fun/icc-plus-1.m3u8
[HD]c plus,https://stream1.freetv.fun/c-plus-3.m3u8
[BD]香港c plus,https://stream1.freetv.fun/xiang-gang-c-plus-1.m3u8
[HD]plus 7,https://stream1.freetv.fun/plus-7-1.ctv
[HD]plus 8,https://stream1.freetv.fun/plus-8-1.ctv
[BD]viju plus serial,https://stream1.freetv.fun/viju-plus-serial-1.m3u8
[BD]viju plus megahit,https://stream1.freetv.fun/viju-plus-megahit-1.m3u8
[BD]cctv-1[ipv6],https://stream1.freetv.fun/ipv6-cctv-1-19.m3u8
[BD]cctv1-综合[geo-blocked],https://stream1.freetv.fun/cctv1-zong-he-17.ctv
[BD]cctv-01[geo-blocked],https://stream1.freetv.fun/cctv-01-2.ctv
[BD]discovery kids,https://stream1.freetv.fun/discovery-kids-5.m3u8
[SD]kix[geo-blocked],https://stream1.freetv.fun/kix-7.ctv
[HD]tvs western movie,https://stream1.freetv.fun/tvs-western-movie-2.m3u8
[VGA]tvs drive in movie,https://stream1.freetv.fun/tvs-drive-in-movie-1.m3u8
[BD]mytime movie network,https://stream1.freetv.fun/mytime-movie-network-6.m3u8
[BD]悬疑movie,https://stream1.freetv.fun/xuan-yi-movie-1.ctv
[SD]paramount movie channel,https://stream1.freetv.fun/paramount-movie-channel-2.m3u8
[HD]artflix movie classics,https://stream1.freetv.fun/artflix-movie-classics-1.m3u8
[BD]movie sphere,https://stream1.freetv.fun/movie-sphere-1.m3u8
[BD]now新闻,https://stream1.freetv.fun/nowxin-wen-4.m3u8
[HD]now tv,https://stream1.freetv.fun/now-tv-1.m3u8
[SD]popc[geo-blocked],https://stream1.freetv.fun/popc-1.ctv
[HD]rthk-31,https://stream1.freetv.fun/rthk-31-1.ctv
[BD]rthk31 *wj,https://stream1.freetv.fun/rthk31--wj-1.m3u8
[HD]rthk-32,https://stream1.freetv.fun/rthk-32-3.ctv
[BD]rthk32 *wj,https://stream1.freetv.fun/rthk32--wj-3.m3u8
[HD]ช่อง sky sports plus,https://stream1.freetv.fun/ch-ng-sky-sports-plus-1.m3u8
[BD]tvbplus,https://stream1.freetv.fun/tvbplus-3.ctv
[VGA]ntv plus,https://stream1.freetv.fun/ntv-plus-1.m3u8
[HD]etv plus,https://stream1.freetv.fun/etv-plus-2.m3u8
[VGA]atv plus,https://stream1.freetv.fun/atv-plus-3.m3u8
[BD]tv puls,https://stream1.freetv.fun/tv-puls-2.ctv
[BD]tvbs亚洲,https://stream1.freetv.fun/tvbsya-zhou-15.m3u8
[BD]tvbs亞洲,https://stream1.freetv.fun/tvbsya-zhou-11.m3u8
[HD]tvb娱乐新闻,https://stream1.freetv.fun/tvbyu-le-xin-wen-6.ctv
[BD]tvb翡翠,https://stream1.freetv.fun/tvbfei-cui-3.ctv
[BD]viutv,https://stream1.freetv.fun/viutv-1.ctv
[HD]viu6tv,https://stream1.freetv.fun/viu6tv-1.ctv
[BD]viutv *wj,https://stream1.freetv.fun/viutv--wj-1.m3u8
[HD]viutvsix,https://stream1.freetv.fun/viutvsix-2.ctv
[BD]viutvsix *wj,https://stream1.freetv.fun/viutvsix--wj-2.m3u8
[HD]now sports premier league 3[geo-blocked],https://stream1.freetv.fun/now-sports-premier-league-3-1.ctv
[BD]prime,https://stream1.freetv.fun/prime-2.m3u8
[BD]now财经,https://stream1.freetv.fun/nowcai-jing-2.m3u8
[BD]snap,https://stream1.freetv.fun/snap-1.m3u8
[HD]功夫电影[geo-blocked],https://stream1.freetv.fun/gong-fu-dian-ying-1.m3u8
[HD]剧集[geo-blocked],https://stream1.freetv.fun/ju-ji-2.m3u8
[HD]周星驰,https://stream1.freetv.fun/zhou-xing-chi-1.m3u8
[SD]周润发,https://stream1.freetv.fun/zhou-run-fa-1.m3u8
[HD]明珠,https://stream1.freetv.fun/ming-zhu-11.ctv
[SD]星空卫视[geo-blocked],https://stream1.freetv.fun/xing-kong-wei-shi-13.m3u8
[BD]星空国际[geo-blocked],https://stream1.freetv.fun/xing-kong-guo-ji-1.m3u8
[BD]有线综合,https://stream1.freetv.fun/you-xian-zong-he-1.ctv
[BD]无线新闻,https://stream1.freetv.fun/wu-xian-xin-wen-1.ctv
[HD]甄子丹电影[geo-blocked],https://stream1.freetv.fun/zhen-zi-dan-dian-ying-4.ctv
[HD]甄子丹[geo-blocked],https://stream1.freetv.fun/zhen-zi-dan-1.m3u8
[BD]美亚电影 *wj,https://stream1.freetv.fun/mei-ya-dian-ying---wj-4.m3u8
[BD]翡翠[geo-blocked],https://stream1.freetv.fun/fei-cui-8.m3u8
[HD]香港卫视[geo-blocked],https://stream1.freetv.fun/xiang-gang-wei-shi-7.m3u8
[BD]凤凰卫视 *wj,https://stream1.freetv.fun/feng-huang-wei-shi---wj-1.m3u8
[HD]凤凰卫视,https://stream1.freetv.fun/feng-huang-wei-shi-10.ctv
[HD]凤凰中文,https://stream1.freetv.fun/feng-huang-zhong-wen-7.m3u8
[BD]凤凰中文 *wj,https://stream1.freetv.fun/feng-huang-zhong-wen---wj-1.m3u8
[BD]凤凰资讯 *wj,https://stream1.freetv.fun/feng-huang-zi-xun---wj-3.m3u8
[BD]凤凰資訊 *wj,https://stream1.freetv.fun/feng-huang-zi-xun---wj-1.m3u8
[HD]凤凰资讯,https://stream1.freetv.fun/feng-huang-zi-xun-14.ctv
[BD]凤凰香港[geo-blocked],https://stream1.freetv.fun/feng-huang-xiang-gang-4.ctv
[BD]凤凰香港 *wj,https://stream1.freetv.fun/feng-huang-xiang-gang---wj-3.m3u8
[BD]3说电影,https://stream1.freetv.fun/3shuo-dian-ying-1.ctv
[BD]77说电影,https://stream1.freetv.fun/77shuo-dian-ying-1.ctv
[SD]3030相声小品,https://stream1.freetv.fun/3030xiang-sheng-xiao-pin-1.ctv
[SD]24h高分电影,https://stream1.freetv.fun/24hgao-fen-dian-ying-1.ctv
[BD]taiwan plus[geo-blocked],https://stream1.freetv.fun/taiwan-plus-2.m3u8
[BD]b站王者荣耀,https://stream1.freetv.fun/bzhan-wang-zhe-rong-yao-1.ctv
[BD]bbc earth,https://stream1.freetv.fun/bbc-earth-14.m3u8
[BD]bbc earth *wj,https://stream1.freetv.fun/bbc-earth--wj-1.m3u8
[BD]bbc earth us,https://stream1.freetv.fun/bbc-earth-us-1.m3u8
[BD]bbc lifestyle *wj,https://stream1.freetv.fun/bbc-lifestyle--wj-1.m3u8
[HD]tennis channel,https://stream1.freetv.fun/tennis-channel-4.ctv
[VGA]light channel,https://stream1.freetv.fun/light-channel-1.m3u8
[SD]tribeca channel [geo-blocked],https://stream1.freetv.fun/tribeca-channel-2.m3u8
[SD]akaal channel (396p) [geo-blocked],https://stream1.freetv.fun/akaal-channel-3.m3u8
[VGA]expo channel[geo-blocked],https://stream1.freetv.fun/expo-channel-1.m3u8
[SD]eman channel (576p),https://stream1.freetv.fun/eman-channel-1.m3u8
[SD]lego channel (1080p)[geo-blocked],https://stream1.freetv.fun/lego-channel-2.ctv
[BD]mo channel,https://stream1.freetv.fun/mo-channel-1.m3u8
[SD]pursuit channel,https://stream1.freetv.fun/pursuit-channel-1.m3u8
[BD]rama channel,https://stream1.freetv.fun/rama-channel-1.m3u8
[BD]stou channel,https://stream1.freetv.fun/stou-channel-1.m3u8
[SD]kqsl channel 8 (720p),https://stream1.freetv.fun/kqsl-channel-8-2.m3u8
[HD]channel 11,https://stream1.freetv.fun/channel-11-2.m3u8
[BD]cable channel 37,https://stream1.freetv.fun/cable-channel-37-1.m3u8
[HD]cool channel,https://stream1.freetv.fun/cool-channel-1.m3u8
[HD]xplore channel,https://stream1.freetv.fun/xplore-channel-1.m3u8
[BD]bike channel,https://stream1.freetv.fun/bike-channel-1.m3u8
[HD]sakala channel,https://stream1.freetv.fun/sakala-channel-1.m3u8
[SD]channel ginga,https://stream1.freetv.fun/channel-ginga-1.m3u8
[HD]maya channel,https://stream1.freetv.fun/maya-channel-1.m3u8
[SD]green channel[geo-blocked],https://stream1.freetv.fun/green-channel-2.ctv
[SD]tabi channel[geo-blocked],https://stream1.freetv.fun/tabi-channel-1.ctv
[VGA]channel eye,https://stream1.freetv.fun/channel-eye-1.m3u8
[VGA]cfm tv channel 98 (360p),https://stream1.freetv.fun/cfm-tv-channel-98-1.m3u8
[SD]kartoon channel,https://stream1.freetv.fun/kartoon-channel-1.m3u8
[HD]tempe channel 11,https://stream1.freetv.fun/tempe-channel-11-1.m3u8
[VGA]fx movie channel (720p),https://stream1.freetv.fun/fx-movie-channel-1.ctv
[BD]go-tv channel,https://stream1.freetv.fun/go-tv-channel-1.m3u8
[BD]white channel,https://stream1.freetv.fun/white-channel-1.m3u8
[HD]4music,https://stream1.freetv.fun/4music-2.m3u8
[HD]qmusic,https://stream1.freetv.fun/qmusic-1.m3u8
[BD]cn卡通  *wj,https://stream1.freetv.fun/cnqia-tong---wj-3.m3u8
[HD]ca ctv comedy channel,https://stream1.freetv.fun/ca-ctv-comedy-channel-1.ctv
[HD]ca ctv drama channel,https://stream1.freetv.fun/ca-ctv-drama-channel-1.ctv
[BD]dazn 1 *wj,https://stream1.freetv.fun/dazn-1--wj-1.m3u8
[BD]dazn ringside,https://stream1.freetv.fun/dazn-ringside-1.m3u8
[SD]dazn combat (1080p),https://stream1.freetv.fun/dazn-combat-2.m3u8
[BD]discovery id,https://stream1.freetv.fun/discovery-id-4.m3u8
[HD]discovery h h,https://stream1.freetv.fun/discovery-h-h-3.ctv
[BD]discovery(tw) *s[geo-blocked],https://stream1.freetv.fun/discovery--s-1.m3u8
[HD]asharq discovery,https://stream1.freetv.fun/asharq-discovery-4.m3u8
[HD]elta 1 *wj,https://stream1.freetv.fun/elta-1--wj-2.m3u8
[HD]elta 2 *wj,https://stream1.freetv.fun/elta-2--wj-1.m3u8
[BD]cctv-4k[geo-blocked],https://stream1.freetv.fun/cctv-4k-1.ctv
[HD]elta 4 *wj,https://stream1.freetv.fun/elta-4--wj-4.m3u8
[HD]delta tv,https://stream1.freetv.fun/delta-tv-3.m3u8
[BD]eye tv戏剧 *wj,https://stream1.freetv.fun/eye-tvxi-ju---wj-2.m3u8
[BD]eye tv旅游 *wj,https://stream1.freetv.fun/eye-tvlu-you---wj-2.m3u8
[BD]food network(tw) *s[geo-blocked],https://stream1.freetv.fun/food-network--s-1.m3u8
[SD]food network *m[geo-blocked],https://stream1.freetv.fun/food-network--m-1.ctv
[BD]global trekker *wj,https://stream1.freetv.fun/global-trekker--wj-2.m3u8
[HD]ca hgtv,https://stream1.freetv.fun/ca-hgtv-1.ctv
[BD]us hgtv,https://stream1.freetv.fun/us-hgtv-1.ctv
[BD]hollywood,https://stream1.freetv.fun/hollywood-2.m3u8
[VGA]young hollywood,https://stream1.freetv.fun/young-hollywood-3.m3u8
[SD]made in hollywood,https://stream1.freetv.fun/made-in-hollywood-1.m3u8
[BD]hollywood *wj,https://stream1.freetv.fun/hollywood--wj-1.m3u8
[HD]lifetime east,https://stream1.freetv.fun/lifetime-east-2.m3u8
[HD]time line,https://stream1.freetv.fun/time-line-1.m3u8
[BD]love nature,https://stream1.freetv.fun/love-nature-6.m3u8
[HD]love nature uhd *m[geo-blocked],https://stream1.freetv.fun/love-nature-uhd--m-1.ctv
[BD]love nature *wj,https://stream1.freetv.fun/love-nature--wj-2.m3u8
[BD]unife tv,https://stream1.freetv.fun/unife-tv-1.m3u8
[SD]fuji tv next,https://stream1.freetv.fun/fuji-tv-next-3.m3u8
[BD]pet club tv,https://stream1.freetv.fun/pet-club-tv-2.m3u8
[BD]ช่อง pet club,https://stream1.freetv.fun/ch-ng-pet-club-1.m3u8
[HD]smithsonian channel east,https://stream1.freetv.fun/smithsonian-channel-east-1.m3u8
[HD]smithsonian channel selects,https://stream1.freetv.fun/smithsonian-channel-selects-1.m3u8
[HD]ca smithsonian channel,https://stream1.freetv.fun/ca-smithsonian-channel-1.ctv
[SD]smithsonian channel ==[geo-blocked],https://stream1.freetv.fun/smithsonian-channel-2.ctv
[HD]gold star,https://stream1.freetv.fun/gold-star-1.m3u8
[BD]star movies select,https://stream1.freetv.fun/star-movies-select-1.ctv
[BD]tvbs asia,https://stream1.freetv.fun/tvbs-asia-6.m3u8
[BD]tvbs *wj,https://stream1.freetv.fun/tvbs--wj-4.m3u8
[SD]tvbs[geo-blocked],https://stream1.freetv.fun/tvbs-2.ctv
[HD]tvbs news[geo-blocked],https://stream1.freetv.fun/tvbs-news-1.m3u8
[BD]tvbs新闻 *wj,https://stream1.freetv.fun/tvbsxin-wen---wj-3.m3u8
[BD]tvbs欢乐 *wj,https://stream1.freetv.fun/tvbshuan-le---wj-1.m3u8
[BD]taiwan plus tv[geo-blocked],https://stream1.freetv.fun/taiwan-plus-tv-1.m3u8
[BD]roll,https://stream1.freetv.fun/roll-1.m3u8
[BD]三立新闻[geo-blocked],https://stream1.freetv.fun/san-li-xin-wen-4.ctv
[BD]三立台湾[geo-blocked],https://stream1.freetv.fun/san-li-tai-wan-4.ctv
[BD]三立台湾 *wj,https://stream1.freetv.fun/san-li-tai-wan---wj-2.m3u8
[BD]三立都会 *wj,https://stream1.freetv.fun/san-li-du-hui---wj-1.m3u8
[HD]中天娱乐[geo-blocked],https://stream1.freetv.fun/zhong-tian-yu-le-2.m3u8
[BD]中天娱乐 *wj,https://stream1.freetv.fun/zhong-tian-yu-le---wj-3.m3u8
[BD]中天新闻 *wj,https://stream1.freetv.fun/zhong-tian-xin-wen---wj-1.m3u8
[HD]中天新闻,https://stream1.freetv.fun/zhong-tian-xin-wen-10.ctv
[BD]中天综合 *wj,https://stream1.freetv.fun/zhong-tian-zong-he---wj-3.m3u8
[BD]中视,https://stream1.freetv.fun/zhong-shi-8.ctv
[BD]中视 *wj,https://stream1.freetv.fun/zhong-shi---wj-2.m3u8
[BD]中视新闻 *wj,https://stream1.freetv.fun/zhong-shi-xin-wen---wj-4.m3u8
[BD]中视经典 *wj,https://stream1.freetv.fun/zhong-shi-jing-dian---wj-1.m3u8
[BD]中视菁采,https://stream1.freetv.fun/zhong-shi-jing-cai-3.ctv
[BD]亚洲旅游 *wj,https://stream1.freetv.fun/ya-zhou-lu-you---wj-1.m3u8
[SD]亚洲旅游[geo-blocked],https://stream1.freetv.fun/ya-zhou-lu-you-5.ctv
[HD]人间卫视,https://stream1.freetv.fun/ren-jian-wei-shi-6.m3u8
[BD]八大戏剧 *wj,https://stream1.freetv.fun/ba-da-xi-ju---wj-3.m3u8
[BD]八大第一 *wj,https://stream1.freetv.fun/ba-da-di-yi---wj-2.m3u8
[BD]八大综合 *wj,https://stream1.freetv.fun/ba-da-zong-he---wj-1.m3u8
[BD]小公视,https://stream1.freetv.fun/xiao-gong-shi-1.ctv
[BD]公視 *wj,https://stream1.freetv.fun/gong-shi---wj-4.m3u8
[BD]公视 *wj,https://stream1.freetv.fun/gong-shi---wj-2.m3u8
[SD]公视戏剧[geo-blocked],https://stream1.freetv.fun/gong-shi-xi-ju-4.ctv
[BD]公视台语,https://stream1.freetv.fun/gong-shi-tai-yu-2.ctv
[BD]博斯网球 *wj,https://stream1.freetv.fun/bo-si-wang-qiu---wj-2.m3u8
[BD]博斯高球二 *wj,https://stream1.freetv.fun/bo-si-gao-qiu-er---wj-2.m3u8
[BD]博斯运动二 *wj,https://stream1.freetv.fun/bo-si-yun-dong-er---wj-3.m3u8
[BD]博斯魅力 *wj,https://stream1.freetv.fun/bo-si-mei-li---wj-1.m3u8
[BD]原住民卫视,https://stream1.freetv.fun/yuan-zhu-min-wei-shi-1.ctv
[BD]台视,https://stream1.freetv.fun/tai-shi-5.ctv
[BD]台视 *wj,https://stream1.freetv.fun/tai-shi---wj-2.m3u8
[BD]台视新闻,https://stream1.freetv.fun/tai-shi-xin-wen-17.m3u8
[BD]台视新闻 *wj,https://stream1.freetv.fun/tai-shi-xin-wen---wj-1.m3u8
[BD]台视新闻hd *wj,https://stream1.freetv.fun/tai-shi-xin-wen-hd--wj-1.m3u8
[VGA]唯心电视,https://stream1.freetv.fun/wei-xin-dian-shi-5.m3u8
[BD]大愛 *wj,https://stream1.freetv.fun/da-ai---wj-1.m3u8
[BD]大愛電视 *wj,https://stream1.freetv.fun/da-ai-dian-shi---wj-1.m3u8
[SD]好莱坞电影[geo-blocked],https://stream1.freetv.fun/hao-lai-wu-dian-ying-4.ctv
[BD]好莱坞电影 *wj,https://stream1.freetv.fun/hao-lai-wu-dian-ying---wj-2.m3u8
[BD]好消息 *wj,https://stream1.freetv.fun/hao-xiao-xi---wj-1.m3u8
[SD]好消息2 *wj,https://stream1.freetv.fun/hao-xiao-xi-2--wj-1.m3u8
[BD]年代新闻 *wj,https://stream1.freetv.fun/nian-dai-xin-wen---wj-1.m3u8
[SD]成龙,https://stream1.freetv.fun/cheng-long-2.m3u8
[HD]亚洲新闻,https://stream1.freetv.fun/ya-zhou-xin-wen-1.m3u8
[BD]东森幼幼 *wj,https://stream1.freetv.fun/dong-sen-you-you---wj-1.m3u8
[BD]东森戏剧 *wj,https://stream1.freetv.fun/dong-sen-xi-ju---wj-2.m3u8
[BD]东森新闻 *wj,https://stream1.freetv.fun/dong-sen-xin-wen---wj-1.m3u8
[BD]东森羊片 *wj,https://stream1.freetv.fun/dong-sen-yang-pian---wj-2.m3u8
[BD]东森综合[geo-blocked],https://stream1.freetv.fun/dong-sen-zong-he-4.ctv
[BD]东森綜合 *wj,https://stream1.freetv.fun/dong-sen-zong-he---wj-1.m3u8
[BD]東森美洲,https://stream1.freetv.fun/dong-sen-mei-zhou-3.m3u8
[BD]东森美洲2,https://stream1.freetv.fun/dong-sen-mei-zhou-2-1.m3u8
[BD]东森美洲新闻台,https://stream1.freetv.fun/dong-sen-mei-zhou-xin-wen-1.m3u8
[BD]东森财经 *wj,https://stream1.freetv.fun/dong-sen-cai-jing---wj-1.m3u8
[BD]东森财经新闻 *wj,https://stream1.freetv.fun/dong-sen-cai-jing-xin-wen---wj-1.m3u8
[BD]东森超视[geo-blocked],https://stream1.freetv.fun/dong-sen-chao-shi-1.ctv
[BD]东森超视34.5,https://stream1.freetv.fun/dong-sen-chao-shi-34-5-1.m3u8
[BD]东森电影 *wj,https://stream1.freetv.fun/dong-sen-dian-ying---wj-1.m3u8
[BD]东森电影[geo-blocked],https://stream1.freetv.fun/dong-sen-dian-ying-6.ctv
[BD]民视 *wj,https://stream1.freetv.fun/min-shi---wj-1.m3u8
[BD]民视hd *wj,https://stream1.freetv.fun/min-shi-hd--wj-2.m3u8
[BD]民视,https://stream1.freetv.fun/min-shi-1.ctv
[SD]民视影剧[geo-blocked],https://stream1.freetv.fun/min-shi-ying-ju-2.ctv
[BD]民视新闻,https://stream1.freetv.fun/min-shi-xin-wen-4.ctv
[BD]民视新闻 *wj,https://stream1.freetv.fun/min-shi-xin-wen---wj-1.m3u8
[SD]民视旅游[geo-blocked],https://stream1.freetv.fun/min-shi-lu-you-4.ctv
[BD]民视第一,https://stream1.freetv.fun/min-shi-di-yi-1.ctv
[BD]民视台湾,https://stream1.freetv.fun/min-shi-tai-wan-7.ctv
[BD]民视台湾 *wj,https://stream1.freetv.fun/min-shi-tai-wan---wj-1.m3u8
[BD]纬来日本 *wj,https://stream1.freetv.fun/wei-lai-ri-ben---wj-1.m3u8
[HD]纬来精彩[geo-blocked],https://stream1.freetv.fun/wei-lai-jing-cai-1.m3u8
[BD]纬来育乐[geo-blocked],https://stream1.freetv.fun/wei-lai-yu-le-2.ctv
[BD]纬来体育 *wj,https://stream1.freetv.fun/wei-lai-ti-yu---wj-1.m3u8
[HD]緯來體育,https://stream1.freetv.fun/wei-lai-ti-yu-9.ctv
[BD]台視新聞,https://stream1.freetv.fun/tai-shi-xin-wen-12.m3u8
[BD]台视新聞,https://stream1.freetv.fun/tai-shi-xin-wen-21.m3u8
[BD]台视综合,https://stream1.freetv.fun/tai-shi-zong-he-1.ctv
[BD]台视财经,https://stream1.freetv.fun/tai-shi-cai-jing-4.ctv
[BD]华艺中文 *wj,https://stream1.freetv.fun/hua-yi-zhong-wen---wj-2.m3u8
[BD]华视,https://stream1.freetv.fun/hua-shi-7.ctv
[BD]华视 *wj,https://stream1.freetv.fun/hua-shi---wj-1.m3u8
[HD]華視,https://stream1.freetv.fun/hua-shi-5.ctv
[BD]华视教育体育文化,https://stream1.freetv.fun/hua-shi-jiao-yu-ti-yu-wen-hua-1.ctv
[BD]华视新闻,https://stream1.freetv.fun/hua-shi-xin-wen-2.ctv
[SD]靖天戏剧[geo-blocked],https://stream1.freetv.fun/jing-tian-xi-ju-2.ctv
[SD]靖天映画[geo-blocked],https://stream1.freetv.fun/jing-tian-ying-hua-4.ctv
[BD]靖天资讯[geo-blocked],https://stream1.freetv.fun/jing-tian-zi-xun-1.ctv
[SD]非凡新闻[geo-blocked],https://stream1.freetv.fun/fei-fan-xin-wen-5.ctv
[BD]非凡新闻 *wj,https://stream1.freetv.fun/fei-fan-xin-wen---wj-4.m3u8
[SD]龙华戏剧[geo-blocked],https://stream1.freetv.fun/long-hua-xi-ju-5.ctv
[SD]龙华日韩[geo-blocked],https://stream1.freetv.fun/long-hua-ri-han-5.ctv
[BD]mediacorp 5 *wj,https://stream1.freetv.fun/mediacorp-5--wj-1.m3u8
[HD]axn,https://stream1.freetv.fun/axn-6.ctv
[BD]m plus[geo-blocked],https://stream1.freetv.fun/m-plus-1.m3u8
[BD]cna[geo-blocked],https://stream1.freetv.fun/cna-9.m3u8
[BD]channel 5,https://stream1.freetv.fun/channel-5-6.m3u8
[BD]channel 8,https://stream1.freetv.fun/channel-8-2.m3u8
[SD]movies action (1080p),https://stream1.freetv.fun/movies-action-1.m3u8
[BD]xite hits[geo-blocked],https://stream1.freetv.fun/xite-hits-1.m3u8
[BD]hits(tw) =[geo-blocked],https://stream1.freetv.fun/hits-13.ctv
[VGA]job tv,https://stream1.freetv.fun/job-tv-1.m3u8
[BD]u channel,https://stream1.freetv.fun/u-channel-1.m3u8
[BD]okto tv[geo-blocked],https://stream1.freetv.fun/okto-tv-1.m3u8
[BD]roya action,https://stream1.freetv.fun/roya-action-1.m3u8
[HD]sony channel,https://stream1.freetv.fun/sony-channel-5.m3u8
[BD]sony one faves[geo-blocked],https://stream1.freetv.fun/sony-one-faves-1.m3u8
[HD]sony one classics,https://stream1.freetv.fun/sony-one-classics-1.m3u8
[HD]thrill *wj,https://stream1.freetv.fun/thrill--wj-1.m3u8
