爱大剧,待分类,rtsp://112.245.125.42:1554/iptv/import/Tvod/iptv/001/001/ch11061217231007675294.rsc/70034_Uni.sdp
爱电影,待分类,rtsp://112.245.125.48:1554/iptv/import/Tvod/iptv/001/001/ch11061217105732492560.rsc/69994_Uni.sdp
爱上4K测试体验,待分类,rtsp://112.245.125.42:1554/iptv/import/Tvod/iptv/001/001/ch16062014270602375204.rsc/70019_Uni.sdp
爱生活,待分类,rtsp://112.245.125.48:1554/iptv/import/Tvod/iptv/001/001/ch15090915560951747742.rsc/69929_Uni.sdp
爱体育,待分类,rtsp://112.245.125.48:1554/iptv/import/Tvod/iptv/001/001/ch17120418224162657206.rsc/74292_Uni.sdp
爱体育,待分类,rtsp://112.245.125.39:1554/iptv/import/Tvod/iptv/001/001/ch11060317323358720349.rsc/69939_Uni.sdp
爱综艺,待分类,rtsp://112.245.125.42:1554/iptv/import/Tvod/iptv/001/001/ch11061217211688091136.rsc/69970_Uni.sdp
阿里郎,待分类,http://150.138.8.132/PLTV/88888888/224/3221227430/517077912.smil/index.m3u8?fmt=ts2hls
安徽卫视,待分类,http://[2409:8087:1e01:20::3]/PLTV/11/224/3221225739/1.m3u8
安徽卫视,待分类,http://123.235.73.237:9901/tsfile/live/0002_23.m3u8?key=txiptv
安徽卫视,待分类,http://[2409:8087:3c02:0021:0000:0001:0000:100a]:6410/shandong_cabletv.live.zte.com////CHANNEL00000328/index.m3u8?IASHttpSessionId=
安徽卫视,待分类,http://150.138.8.143/00/SNM/CHANNEL00000328/index.m3u8
安徽卫视,待分类,rtsp://112.245.125.42:1554/iptv/import/Tvod/iptv/001/001/ch15050917541532308683.rsc/70014_Uni.sdp
安徽卫视,待分类,http://192.168.31.2:4022/rtp/239.21.1.159:5002
安丘综合,待分类,http://192.168.31.2:4022/rtp/239.21.2.13:5002
安丘综合,待分类,http://150.138.8.143/00/SNM/CHANNEL00001015/index.m3u8
澳视卫星,待分类,http://150.138.9.170:80/PLTV/88888888/224/3221227295/517077830.smil/index.m3u8?fmt=ts2hls
澳视卫星,待分类,http://192.168.31.2:4022/rtp/239.21.2.167:5002
北京纪实,待分类,http://[2409:8087:3c02:0021:0000:0001:0000:100a]:6410/shandong_cabletv.live.zte.com////CHANNEL00000332/index.m3u8?IASHttpSessionId=
北京纪实科教,待分类,rtsp://112.245.125.47:1554/iptv/import/Tvod/iptv/001/001/ch24020510150834566089.rsc/99953_Uni.sdp
北京卫视,待分类,http://[2409:8087:1e01:20::3]/PLTV/11/224/3221225724/1.m3u8
北京卫视,待分类,http://123.235.73.237:9901/tsfile/live/0002_22.m3u8?key=txiptv
北京卫视,待分类,http://150.138.8.143/00/SNM/CHANNEL00000302/index.m3u8
北京卫视,待分类,rtsp://112.245.125.45:1554/iptv/import/Tvod/iptv/001/001/ch12051116365437815794.rsc/69968_Uni.sdp
北京卫视,待分类,http://192.168.31.2:4022/rtp/239.21.1.88:5002
北京卫视,待分类,http://[2409:8087:3c02:0021:0000:0001:0000:100a]:6410/shandong_cabletv.live.zte.com////CHANNEL00000302/index.m3u8?IASHttpSessionId=
北京卫视-4K,待分类,http://123.235.73.237:9901/tsfile/live/0002_61.m3u8?key=txiptv
北京卫视-4K,待分类,http://150.138.8.132/PLTV/88888888/224/3221227299/518924348.smil/index.m3u8?fmt=ts2hls
北京卫视-4K,待分类,http://192.168.31.2:4022/rtp/239.21.2.172:5002
北京卫视4K,待分类,rtsp://112.245.125.39:1554/iptv/import/Tvod/iptv/001/001/ch25032514071097767315.rsc/102825_Uni.sdp
兵团卫视,待分类,http://123.235.73.237:9901/tsfile/live/0002_44.m3u8?key=txiptv
兵团卫视,待分类,http://[2409:8087:1e01:20::3]/PLTV/11/224/3221226111/1.m3u8
兵团卫视,待分类,http://192.168.31.2:4022/rtp/239.21.1.234:5002
兵团卫视,待分类,http://150.138.8.143/00/SNM/CHANNEL00000071/index.m3u8
兵团卫视,待分类,rtsp://112.245.125.39:1554/iptv/import/Tvod/iptv/001/001/ch10120116250568011708.rsc/69935_Uni.sdp
兵团卫视,待分类,http://[2409:8087:3c02:0021:0000:0001:0000:100a]:6410/shandong_cabletv.live.zte.com////CHANNEL00000394/index.m3u8?IASHttpSessionId=
兵团卫视,待分类,http://192.168.31.2:4022/rtp/239.21.2.188:5002
滨州民生,待分类,http://150.138.8.143/00/SNM/CHANNEL00000221/index.m3u8
滨州民生,待分类,http://192.168.31.2:4022/rtp/239.21.1.119:5002
滨州综合,待分类,http://192.168.31.2:4022/rtp/239.21.1.118:5002
滨州综合,待分类,http://150.138.8.143/00/SNM/CHANNEL00000220/index.m3u8
财富天下,待分类,rtsp://112.245.125.42:1554/iptv/import/Tvod/iptv/001/001/ch15090915413342804586.rsc/69980_Uni.sdp
财富天下,待分类,http://150.138.8.143/00/SNM/CHANNEL00000607/index.m3u8
财富天下,待分类,http://192.168.31.2:4022/rtp/239.21.1.127:5002
CCTV-1 综合,待分类,http://150.138.8.143/00/SNM/CHANNEL00000311/index.m3u8
CCTV-1 综合,待分类,http://150.138.8.143/00/SNM/CHANNEL00000001/index.m3u8
CCTV-1 综合,待分类,http://123.235.73.237:9901/tsfile/live/0002_2.m3u8?key=txiptv
CCTV-1 综合,待分类,http://150.138.8.143/00/SNM/CHANNEL00004003/index.m3u8
CCTV-1 综合,待分类,http://192.168.31.2:4022/rtp/239.21.1.1:5002
CCTV-1 综合,待分类,http://192.168.31.2:4022/rtp/239.21.1.120:5002
CCTV-10 科教,待分类,http://150.138.8.143/00/SNM/CHANNEL00000321/index.m3u8
CCTV-10 科教,待分类,http://192.168.31.2:4022/rtp/239.21.1.155:5002
CCTV-10 科教,待分类,http://123.235.73.237:9901/tsfile/live/0002_11.m3u8?key=txiptv
CCTV-11 戏曲,待分类,http://123.235.73.237:9901/tsfile/live/0002_12.m3u8?key=txiptv
CCTV-11 戏曲,待分类,http://150.138.8.143/00/SNM/CHANNEL00000344/index.m3u8
CCTV-11 戏曲,待分类,http://192.168.31.2:4022/rtp/239.21.2.2:5002
CCTV-12 社会与法,待分类,http://150.138.8.143/00/SNM/CHANNEL00000322/index.m3u8
CCTV-12 社会与法,待分类,http://192.168.31.2:4022/rtp/239.21.1.156:5002
CCTV-12 社会与法,待分类,http://123.235.73.237:9901/tsfile/live/0002_13.m3u8?key=txiptv
CCTV-13 新闻,待分类,http://192.168.31.2:4022/rtp/239.21.2.3:5002
CCTV-13 新闻,待分类,http://123.235.73.237:9901/tsfile/live/0002_14.m3u8?key=txiptv
CCTV-13 新闻,待分类,http://150.138.8.143/00/SNM/CHANNEL00000345/index.m3u8
CCTV-14 少儿,待分类,http://192.168.31.2:4022/rtp/239.21.1.157:5002
CCTV-14 少儿,待分类,http://150.138.8.143/00/SNM/CHANNEL00000323/index.m3u8
CCTV-14 少儿,待分类,http://123.235.73.237:9901/tsfile/live/0002_15.m3u8?key=txiptv
CCTV-15 音乐,待分类,http://123.235.73.237:9901/tsfile/live/0002_16.m3u8?key=txiptv
CCTV-15 音乐,待分类,http://150.138.8.143/00/SNM/CHANNEL00000346/index.m3u8
CCTV-15 音乐,待分类,http://192.168.31.2:4022/rtp/239.21.2.4:5002
CCTV-17 农业农村,待分类,http://150.138.8.143/00/SNM/CHANNEL00000303/index.m3u8
CCTV-17 农业农村,待分类,http://192.168.31.2:4022/rtp/239.21.1.186:5002
CCTV-2 财经,待分类,http://150.138.8.143/00/SNM/CHANNEL00000317/index.m3u8
CCTV-2 财经,待分类,http://192.168.31.2:4022/rtp/239.21.1.151:5002
CCTV-2 财经,待分类,http://123.235.73.237:9901/tsfile/live/0002_3.m3u8?key=txiptv
CCTV-3 综艺,待分类,http://150.138.8.143/00/SNM/CHANNEL00000359/index.m3u8
CCTV-3 综艺,待分类,http://123.235.73.237:9901/tsfile/live/0002_4.m3u8?key=txiptv
CCTV-3 综艺,待分类,http://150.138.8.143/00/SNM/CHANNEL00000003/index.m3u8
CCTV-3 综艺,待分类,http://192.168.31.2:4022/rtp/239.21.2.45:5002
CCTV-4 (美洲),待分类,http://192.168.31.2:4022/rtp/239.21.2.29:5002
CCTV-4 (美洲),待分类,http://150.138.8.143/00/SNM/CHANNEL00000351/index.m3u8
CCTV-4 (欧洲),待分类,http://192.168.31.2:4022/rtp/239.21.2.28:5002
CCTV-4 (欧洲),待分类,http://150.138.8.143/00/SNM/CHANNEL00000350/index.m3u8
CCTV-4 (亚洲),待分类,http://150.138.8.143/00/SNM/CHANNEL00000320/index.m3u8
CCTV-4 (亚洲),待分类,http://192.168.31.2:4022/rtp/239.21.1.154:5002
CCTV-4 (亚洲),待分类,http://123.235.73.237:9901/tsfile/live/0002_5.m3u8?key=txiptv
CCTV-4K,待分类,http://192.168.31.2:4022/rtp/239.21.2.152:5002
CCTV-5 体育,待分类,http://123.235.73.237:9901/tsfile/live/0002_6.m3u8?key=txiptv
CCTV-5 体育,待分类,http://192.168.31.2:4022/rtp/239.21.2.46:5002
CCTV-5 体育,待分类,http://150.138.8.143/00/SNM/CHANNEL00000360/index.m3u8
CCTV-5+ 体育赛事,待分类,http://150.138.8.143/00/SNM/CHANNEL00000316/index.m3u8
CCTV-5+ 体育赛事,待分类,http://123.235.73.237:9901/tsfile/live/0005_1.m3u8?key=txiptv
CCTV-5+ 体育赛事,待分类,http://192.168.31.2:4022/rtp/239.21.1.142:5002
CCTV-6 电影,待分类,http://150.138.8.143/00/SNM/CHANNEL00000006/index.m3u8
CCTV-6 电影,待分类,http://192.168.31.2:4022/rtp/239.21.2.47:5002
CCTV-6 电影,待分类,http://150.138.8.143/00/SNM/CHANNEL00000361/index.m3u8
CCTV-6 电影,待分类,http://123.235.73.237:9901/tsfile/live/0002_7.m3u8?key=txiptv
CCTV-7 国防军事,待分类,http://192.168.31.2:4022/rtp/239.21.1.152:5002
CCTV-7 国防军事,待分类,http://123.235.73.237:9901/tsfile/live/0002_8.m3u8?key=txiptv
CCTV-7 国防军事,待分类,http://150.138.8.143/00/SNM/CHANNEL00000318/index.m3u8
CCTV-8 电视剧,待分类,http://123.235.73.237:9901/tsfile/live/0002_9.m3u8?key=txiptv
CCTV-8 电视剧,待分类,http://150.138.8.143/00/SNM/CHANNEL00000008/index.m3u8
CCTV-8 电视剧,待分类,http://150.138.8.143/00/SNM/CHANNEL00000362/index.m3u8
CCTV-8 电视剧,待分类,http://192.168.31.2:4022/rtp/239.21.2.48:5002
CCTV-9 纪录,待分类,http://192.168.31.2:4022/rtp/239.21.1.153:5002
CCTV-9 纪录,待分类,http://123.235.73.237:9901/tsfile/live/0002_10.m3u8?key=txiptv
CCTV-9 纪录,待分类,http://150.138.8.143/00/SNM/CHANNEL00000319/index.m3u8
cctv1,待分类,http://[2409:8087:3c02:0021:0000:0001:0000:100a]:6410/shandong_cabletv.live.zte.com////CHANNEL00000311/index.m3u8?IASHttpSessionId=
CCTV1,待分类,rtsp://112.245.125.38:1554/iptv/import/Tvod/iptv/001/001/ch12122514263996485740.rsc/69958_Uni.sdp
CCTV1,待分类,http://[2409:8087:1e01:20::3]/PLTV/11/224/3221226163/1.m3u8
CCTV10,待分类,http://[2409:8087:1e01:20::3]/PLTV/11/224/3221226169/1.m3u8
CCTV10,待分类,rtsp://112.245.125.48:1554/iptv/import/Tvod/iptv/001/001/ch15111015554384702984.rsc/69941_Uni.sdp
cctv10,待分类,http://[2409:8087:3c02:0021:0000:0001:0000:100a]:6410/shandong_cabletv.live.zte.com////CHANNEL00000321/index.m3u8?IASHttpSessionId=
CCTV11,待分类,http://[2409:8087:1e01:20::3]/PLTV/11/224/3221226145/1.m3u8
CCTV11,待分类,rtsp://112.245.125.48:1554/iptv/import/Tvod/iptv/001/001/ch11122400354496191158.rsc/70045_Uni.sdp
cctv11,待分类,http://[2409:8087:3c02:0021:0000:0001:0000:100a]:6410/shandong_cabletv.live.zte.com////CHANNEL00000344/index.m3u8?IASHttpSessionId=
cctv12,待分类,http://[2409:8087:3c02:0021:0000:0001:0000:100a]:6410/shandong_cabletv.live.zte.com////CHANNEL00000322/index.m3u8?IASHttpSessionId=
CCTV12,待分类,rtsp://112.245.125.41:1554/iptv/import/Tvod/iptv/001/001/ch15111015571407754299.rsc/70056_Uni.sdp
CCTV12,待分类,http://[2409:8087:1e01:20::3]/PLTV/11/224/3221226126/1.m3u8
cctv13,待分类,http://[2409:8087:3c02:0021:0000:0001:0000:100a]:6410/shandong_cabletv.live.zte.com////CHANNEL00000345/index.m3u8?IASHttpSessionId=
CCTV13,待分类,http://[2409:8087:1e01:20::3]/PLTV/11/224/3221226128/1.m3u8
CCTV13,待分类,rtsp://112.245.125.41:1554/iptv/import/Tvod/iptv/001/001/ch15050914361303395989.rsc/69923_Uni.sdp
CCTV14,待分类,http://[2409:8087:1e01:20::3]/PLTV/11/224/3221226150/1.m3u8
CCTV14,待分类,rtsp://112.245.125.48:1554/iptv/import/Tvod/iptv/001/001/ch15111016003483433803.rsc/69975_Uni.sdp
cctv14,待分类,http://[2409:8087:3c02:0021:0000:0001:0000:100a]:6410/shandong_cabletv.live.zte.com////CHANNEL00000323/index.m3u8?IASHttpSessionId=
CCTV15,待分类,rtsp://112.245.125.38:1554/iptv/import/Tvod/iptv/001/001/ch11122400365842237336.rsc/70037_Uni.sdp
cctv15,待分类,http://[2409:8087:3c02:0021:0000:0001:0000:100a]:6410/shandong_cabletv.live.zte.com////CHANNEL00000346/index.m3u8?IASHttpSessionId=
CCTV15,待分类,http://[2409:8087:1e01:20::3]/PLTV/11/224/3221226147/1.m3u8
CCTV16,待分类,http://[2409:8087:1e01:20::3]/PLTV/11/224/3221226120/1.m3u8
cctv17,待分类,http://[2409:8087:3c02:0021:0000:0001:0000:100a]:6410/shandong_cabletv.live.zte.com////CHANNEL00000303/index.m3u8?IASHttpSessionId=
CCTV17,待分类,rtsp://112.245.125.41:1554/iptv/import/Tvod/iptv/001/001/ch19073116233495000222.rsc/85717_Uni.sdp
CCTV2,待分类,rtsp://112.245.125.42:1554/iptv/import/Tvod/iptv/001/001/ch15111015505054435886.rsc/70018_Uni.sdp
cctv2,待分类,http://[2409:8087:3c02:0021:0000:0001:0000:100a]:6410/shandong_cabletv.live.zte.com////CHANNEL00000317/index.m3u8?IASHttpSessionId=
CCTV2,待分类,http://[2409:8087:1e01:20::3]/PLTV/11/224/3221226122/1.m3u8
CCTV3,待分类,rtsp://112.245.125.48:1554/iptv/import/Tvod/iptv/001/001/ch12101814165876183439.rsc/70035_Uni.sdp
CCTV3,待分类,http://[2409:8087:1e01:20::3]/PLTV/11/224/3221226165/1.m3u8
CCTV3,待分类,rtsp://112.245.125.48:1554/iptv/import/Tvod/iptv/001/001/ch21072816504132734115.rsc/91877_Uni.sdp
cctv3,待分类,http://[2409:8087:3c02:0021:0000:0001:0000:100a]:6410/shandong_cabletv.live.zte.com////CHANNEL00000359/index.m3u8?IASHttpSessionId=
CCTV4,待分类,http://[2409:8087:1e01:20::3]/PLTV/11/224/3221226124/1.m3u8
CCTV4,待分类,rtsp://112.245.125.38:1554/iptv/import/Tvod/iptv/001/001/ch17121814361050007455.rsc/75843_Uni.sdp
cctv4,待分类,http://[2409:8087:3c02:0021:0000:0001:0000:100a]:6410/shandong_cabletv.live.zte.com////CHANNEL00000320/index.m3u8?IASHttpSessionId=
cctv4k,待分类,http://[2409:8087:3c02:0021:0000:0001:0000:100a]:6410/shandong_cabletv.live.zte.com////CHANNEL00000382/index.m3u8?IASHttpSessionId=
CCTV4K,待分类,rtsp://112.245.125.38:1554/iptv/import/Tvod/iptv/001/001/ch23122814382128126762.rsc/99912_Uni.sdp
cctv4美洲,待分类,http://[2409:8087:3c02:0021:0000:0001:0000:100a]:6410/shandong_cabletv.live.zte.com////CHANNEL00000351/index.m3u8?IASHttpSessionId=
CCTV4美洲,待分类,rtsp://112.245.125.47:1554/iptv/import/Tvod/iptv/001/001/ch21062215392161397058.rsc/91682_Uni.sdp
CCTV4欧洲,待分类,rtsp://112.245.125.47:1554/iptv/import/Tvod/iptv/001/001/ch21062215382556856499.rsc/91655_Uni.sdp
cctv4欧洲,待分类,http://[2409:8087:3c02:0021:0000:0001:0000:100a]:6410/shandong_cabletv.live.zte.com////CHANNEL00000350/index.m3u8?IASHttpSessionId=
CCTV5,待分类,rtsp://112.245.125.42:1554/iptv/import/Tvod/iptv/001/001/ch21072816512692879794.rsc/91882_Uni.sdp
cctv5,待分类,http://[2409:8087:3c02:0021:0000:0001:0000:100a]:6410/shandong_cabletv.live.zte.com////CHANNEL00000360/index.m3u8?IASHttpSessionId=
CCTV5,待分类,rtsp://112.245.125.39:1554/iptv/import/Tvod/iptv/001/001/ch12101814173650174727.rsc/69979_Uni.sdp
CCTV5,待分类,http://[2409:8087:1e01:20::3]/PLTV/11/224/3221226146/1.m3u8
CCTV5+,待分类,rtsp://112.245.125.42:1554/iptv/import/Tvod/iptv/001/001/ch11061217321508656858.rsc/70007_Uni.sdp
cctv5+,待分类,http://[2409:8087:3c02:0021:0000:0001:0000:100a]:6410/shandong_cabletv.live.zte.com////CHANNEL00000316/index.m3u8?IASHttpSessionId=
CCTV6,待分类,rtsp://112.245.125.42:1554/iptv/import/Tvod/iptv/001/001/ch12101814181257469325.rsc/70059_Uni.sdp
cctv6,待分类,http://[2409:8087:3c02:0021:0000:0001:0000:100a]:6410/shandong_cabletv.live.zte.com////CHANNEL00000361/index.m3u8?IASHttpSessionId=
CCTV6,待分类,http://[2409:8087:1e01:20::3]/PLTV/11/224/3221226148/1.m3u8
CCTV6,待分类,rtsp://112.245.125.38:1554/iptv/import/Tvod/iptv/001/001/ch21072816530254611367.rsc/91842_Uni.sdp
CCTV7,待分类,rtsp://112.245.125.38:1554/iptv/import/Tvod/iptv/001/001/ch15111015535263088598.rsc/69960_Uni.sdp
CCTV7,待分类,http://[2409:8087:1e01:20::3]/PLTV/11/224/3221226143/1.m3u8
cctv7,待分类,http://[2409:8087:3c02:0021:0000:0001:0000:100a]:6410/shandong_cabletv.live.zte.com////CHANNEL00000318/index.m3u8?IASHttpSessionId=
CCTV8,待分类,rtsp://112.245.125.42:1554/iptv/import/Tvod/iptv/001/001/ch12101814184171314624.rsc/70064_Uni.sdp
cctv8,待分类,http://[2409:8087:3c02:0021:0000:0001:0000:100a]:6410/shandong_cabletv.live.zte.com////CHANNEL00000362/index.m3u8?IASHttpSessionId=
CCTV8,待分类,rtsp://112.245.125.38:1554/iptv/import/Tvod/iptv/001/001/ch21072816531463294165.rsc/91850_Uni.sdp
CCTV8,待分类,http://[2409:8087:1e01:20::3]/PLTV/11/224/3221226167/1.m3u8
CCTV9,待分类,rtsp://112.245.125.48:1554/iptv/import/Tvod/iptv/001/001/ch15050917541424212319.rsc/70042_Uni.sdp
cctv9,待分类,http://[2409:8087:3c02:0021:0000:0001:0000:100a]:6410/shandong_cabletv.live.zte.com////CHANNEL00000319/index.m3u8?IASHttpSessionId=
CETV-1,待分类,http://192.168.31.2:4022/rtp/239.21.2.7:5002
CETV-1,待分类,http://123.235.73.237:9901/tsfile/live/0002_46.m3u8?key=txiptv
CETV-1,待分类,http://150.138.8.143/00/SNM/CHANNEL00000076/index.m3u8
CETV-2,待分类,http://192.168.31.2:4022/rtp/239.21.2.8:5002
CETV-2,待分类,http://150.138.8.143/00/SNM/CHANNEL00000077/index.m3u8
CETV-4,待分类,http://150.138.8.143/00/SNM/CHANNEL00000666/index.m3u8
CETV-4,待分类,http://192.168.31.2:4022/rtp/239.21.2.129:5002
CETV-4,待分类,http://123.235.73.237:9901/tsfile/live/0002_51.m3u8?key=txiptv
CETV-生态环境,待分类,http://150.138.8.143/00/SNM/CHANNEL00000644/index.m3u8
CETV-生态环境,待分类,http://150.138.8.143/00/SNM/CHANNEL00000671/index.m3u8
CETV-生态环境,待分类,http://192.168.31.2:4022/rtp/239.21.2.160:5002
CETV1,待分类,http://[2409:8087:1e01:20::3]/PLTV/11/224/3221225775/1.m3u8
CETV4,待分类,http://[2409:8087:1e01:20::3]/PLTV/11/224/3221226153/1.m3u8
CGTN,待分类,http://192.168.31.2:4022/rtp/239.21.1.10:5002
CGTN,待分类,http://150.138.8.143/00/SNM/CHANNEL00000352/index.m3u8
CGTN,待分类,http://150.138.8.143/00/SNM/CHANNEL00000009/index.m3u8
CGTN,待分类,http://192.168.31.2:4022/rtp/239.21.2.30:5002
CGTN,待分类,rtsp://112.245.125.47:1554/iptv/import/Tvod/iptv/001/001/ch15050914501799552135.rsc/70003_Uni.sdp
cgtn,待分类,http://[2409:8087:3c02:0021:0000:0001:0000:100a]:6410/shandong_cabletv.live.zte.com////CHANNEL00000352/index.m3u8?IASHttpSessionId=
cgtn1,待分类,http://[2409:8087:3c02:0021:0000:0001:0000:100a]:6410/shandong_cabletv.live.zte.com////CHANNEL00000357/index.m3u8?IASHttpSessionId=
cgtn阿语,待分类,http://[2409:8087:3c02:0021:0000:0001:0000:100a]:6410/shandong_cabletv.live.zte.com////CHANNEL00000356/index.m3u8?IASHttpSessionId=
CGTN阿语,待分类,http://192.168.31.2:4022/rtp/239.21.2.34:5002
CGTN阿语,待分类,http://150.138.8.143/00/SNM/CHANNEL00000356/index.m3u8
CGTN阿语,待分类,rtsp://112.245.125.41:1554/iptv/import/Tvod/iptv/001/001/ch21062215414116185265.rsc/91594_Uni.sdp
CGTN俄语,待分类,http://192.168.31.2:4022/rtp/239.21.2.35:5002
CGTN俄语,待分类,rtsp://112.245.125.41:1554/iptv/import/Tvod/iptv/001/001/ch21062215415309865050.rsc/91606_Uni.sdp
CGTN俄语,待分类,http://150.138.8.143/00/SNM/CHANNEL00000357/index.m3u8
cgtn法语,待分类,http://[2409:8087:3c02:0021:0000:0001:0000:100a]:6410/shandong_cabletv.live.zte.com////CHANNEL00000355/index.m3u8?IASHttpSessionId=
CGTN法语,待分类,rtsp://112.245.125.38:1554/iptv/import/Tvod/iptv/001/001/ch21062215412921826390.rsc/91584_Uni.sdp
CGTN法语,待分类,http://192.168.31.2:4022/rtp/239.21.2.33:5002
CGTN法语,待分类,http://150.138.8.143/00/SNM/CHANNEL00000355/index.m3u8
CGTN纪录,待分类,rtsp://112.245.125.47:1554/iptv/import/Tvod/iptv/001/001/ch21062215405197977873.rsc/91702_Uni.sdp
CGTN纪录,待分类,http://150.138.8.143/00/SNM/CHANNEL00000353/index.m3u8
cgtn记录,待分类,http://[2409:8087:3c02:0021:0000:0001:0000:100a]:6410/shandong_cabletv.live.zte.com////CHANNEL00000353/index.m3u8?IASHttpSessionId=
CGTN纪录,待分类,http://192.168.31.2:4022/rtp/239.21.2.31:5002
cgtn西语,待分类,http://[2409:8087:3c02:0021:0000:0001:0000:100a]:6410/shandong_cabletv.live.zte.com////CHANNEL00000354/index.m3u8?IASHttpSessionId=
CGTN西语,待分类,http://192.168.31.2:4022/rtp/239.21.2.32:5002
CGTN西语,待分类,http://150.138.8.143/00/SNM/CHANNEL00000354/index.m3u8
CGTN西语,待分类,rtsp://112.245.125.38:1554/iptv/import/Tvod/iptv/001/001/ch21062215411249555526.rsc/91514_Uni.sdp
茶,待分类,http://150.138.8.143/00/SNM/CHANNEL00000649/index.m3u8
茶,待分类,http://192.168.31.2:4022/rtp/239.21.2.110:5002
茶,待分类,rtsp://112.245.125.39:1554/iptv/import/Tvod/iptv/001/001/ch21092610324607482092.rsc/92499_Uni.sdp
昌乐综合,待分类,http://150.138.8.143/00/SNM/CHANNEL00001033/index.m3u8
昌乐综合,待分类,http://192.168.31.2:4022/rtp/239.21.1.245:5002
昌邑综合,待分类,http://192.168.31.2:4022/rtp/239.21.2.27:5002
昌邑综合,待分类,http://150.138.8.143/00/SNM/CHANNEL00001083/index.m3u8
CHC动作电影,待分类,http://123.235.73.237:9901/tsfile/live/0002_68.m3u8?key=txiptv
CHC动作电影,待分类,rtsp://112.245.125.39:1554/iptv/import/Tvod/iptv/001/001/ch18120514100139517699.rsc/81477_Uni.sdp
CHC动作电影,待分类,http://192.168.31.2:4022/rtp/239.21.2.128:5002
CHC动作电影,待分类,http://150.138.8.143/00/SNM/CHANNEL00002030/index.m3u8
chc动作电影,待分类,http://[2409:8087:3c02:0021:0000:0001:0000:100a]:6410/shandong_cabletv.live.zte.com////CHANNEL00002030/index.m3u8?IASHttpSessionId=
CHC家庭影院,待分类,http://192.168.31.2:4022/rtp/239.21.2.126:5002
CHC家庭影院,待分类,rtsp://112.245.125.39:1554/iptv/import/Tvod/iptv/001/001/ch18120514091718394256.rsc/81481_Uni.sdp
CHC家庭影院,待分类,http://150.138.8.143/00/SNM/CHANNEL00002028/index.m3u8
chc家庭影院,待分类,http://[2409:8087:3c02:0021:0000:0001:0000:100a]:6410/shandong_cabletv.live.zte.com////CHANNEL00002028/index.m3u8?IASHttpSessionId=
chc影迷电影,待分类,http://[2409:8087:3c02:0021:0000:0001:0000:100a]:6410/shandong_cabletv.live.zte.com////CHANNEL00002029/index.m3u8?IASHttpSessionId=
CHC影迷电影,待分类,http://150.138.8.143/00/SNM/CHANNEL00002029/index.m3u8
CHC影迷电影,待分类,rtsp://112.245.125.48:1554/iptv/import/Tvod/iptv/001/001/ch18120514102191199606.rsc/81478_Uni.sdp
CHC影迷电影,待分类,http://192.168.31.2:4022/rtp/239.21.2.127:5002
车迷,待分类,http://150.138.8.143/00/SNM/CHANNEL00000645/index.m3u8
城市剧场,待分类,rtsp://112.245.125.41:1554/iptv/import/Tvod/iptv/001/001/ch15090914573308932938.rsc/70029_Uni.sdp
茌平综合,待分类,http://192.168.31.2:4022/rtp/239.21.1.219:5002
茌平综合,待分类,http://150.138.8.143/00/SNM/CHANNEL00001048/index.m3u8
重庆卫视,待分类,http://192.168.31.2:4022/rtp/239.21.1.233:5002
重庆卫视,待分类,http://123.235.73.237:9901/tsfile/live/0002_30.m3u8?key=txiptv
重庆卫视,待分类,http://[2409:8087:1e01:20::3]/PLTV/11/224/3221226171/1.m3u8
重庆卫视,待分类,http://150.138.8.143/00/SNM/CHANNEL00000341/index.m3u8
重庆卫视,待分类,http://[2409:8087:3c02:0021:0000:0001:0000:100a]:6410/shandong_cabletv.live.zte.com////CHANNEL00000341/index.m3u8?IASHttpSessionId=
重庆卫视,待分类,rtsp://112.245.125.39:1554/iptv/import/Tvod/iptv/001/001/ch10120118293449046768.rsc/70020_Uni.sdp
重温经典影视,待分类,http://192.168.31.2:4022/rtp/239.21.2.77:5002
重温经典影视,待分类,http://150.138.8.143/00/SNM/CHANNEL00000364/index.m3u8
岱岳综合,待分类,http://192.168.31.2:4022/rtp/239.21.2.139:5002
岱岳综合,待分类,http://150.138.8.143/00/SNM/CHANNEL00001013/index.m3u8
单县综合,待分类,http://192.168.31.2:4022/rtp/239.21.2.21:5002
单县综合,待分类,http://150.138.8.143/00/SNM/CHANNEL00001079/index.m3u8
德州生活,待分类,http://150.138.8.143/00/SNM/CHANNEL00000207/index.m3u8
德州生活,待分类,http://192.168.31.2:4022/rtp/239.21.1.76:5002
德州综合,待分类,http://192.168.31.2:4022/rtp/239.21.1.75:5002
德州综合,待分类,http://150.138.8.143/00/SNM/CHANNEL00000206/index.m3u8
电影大片,待分类,http://[2409:8087:3c02:0021:0000:0001:0000:100a]:6410/shandong_cabletv.live.zte.com////CHANNEL00002033/index.m3u8?IASHttpSessionId=
谍战剧场,待分类,rtsp://112.245.125.41:1554/iptv/import/Tvod/iptv/001/001/ch13031310523562855603.rsc/69987_Uni.sdp
地理,待分类,rtsp://112.245.125.42:1554/iptv/import/Tvod/iptv/001/001/ch15090915235866760733.rsc/70036_Uni.sdp
定陶综合,待分类,http://192.168.31.2:4022/rtp/239.21.1.244:5002
定陶综合,待分类,http://150.138.8.143/00/SNM/CHANNEL00001063/index.m3u8
东阿综合,待分类,http://192.168.31.2:4022/rtp/239.21.2.61:5002
东阿综合,待分类,http://150.138.8.143/00/SNM/CHANNEL00001093/index.m3u8
东方财经,待分类,rtsp://112.245.125.38:1554/iptv/import/Tvod/iptv/001/001/ch16051316174673479081.rsc/96398_Uni.sdp
东方财经,待分类,http://150.138.8.143/00/SNM/CHANNEL00002025/index.m3u8
东方财经,待分类,http://[2409:8087:3c02:0021:0000:0001:0000:100a]:6410/shandong_cabletv.live.zte.com////CHANNEL00002025/index.m3u8?IASHttpSessionId=
东方财经,待分类,http://192.168.31.2:4022/rtp/239.21.2.108:5002
东方卫视,待分类,http://[2409:8087:1e01:20::3]/PLTV/11/224/3221226106/1.m3u8
东方卫视,待分类,http://123.235.73.237:9901/tsfile/live/0002_20.m3u8?key=txiptv
东方卫视,待分类,http://150.138.8.143/00/SNM/CHANNEL00000309/index.m3u8
东方卫视,待分类,rtsp://112.245.125.45:1554/iptv/import/Tvod/iptv/001/001/ch15050917541568689826.rsc/69963_Uni.sdp
东方卫视,待分类,http://192.168.31.2:4022/rtp/239.21.1.111:5002
东方卫视,待分类,http://[2409:8087:3c02:0021:0000:0001:0000:100a]:6410/shandong_cabletv.live.zte.com////CHANNEL00000309/index.m3u8?IASHttpSessionId=
东方卫视-4K,待分类,http://123.235.73.237:9901/tsfile/live/0002_59.m3u8?key=txiptv
东方卫视-4K,待分类,http://192.168.31.2:4022/rtp/239.21.2.184:5002
东方卫视4K,待分类,rtsp://112.245.125.45:1554/iptv/import/Tvod/iptv/001/001/ch25092214082801723362.rsc/103278_Uni.sdp
动画,待分类,rtsp://112.245.125.39:1554/iptv/import/Tvod/iptv/001/001/ch15090915451711071162.rsc/70065_Uni.sdp
动漫秀场,待分类,http://[2409:8087:3c02:0021:0000:0001:0000:100a]:6410/shandong_cabletv.live.zte.com////CHANNEL00002000/index.m3u8?IASHttpSessionId=
动漫秀场,待分类,rtsp://112.245.125.42:1554/iptv/import/Tvod/iptv/001/001/ch17121814421621825244.rsc/96206_Uni.sdp
动漫秀场,待分类,http://[2409:8087:1e01:20::3]/PLTV/11/224/3221226138/1.m3u8
动漫秀场,待分类,http://192.168.31.2:4022/rtp/239.21.2.92:5002
动漫秀场,待分类,http://150.138.8.143/00/SNM/CHANNEL00002000/index.m3u8
东明综合,待分类,http://192.168.31.2:4022/rtp/239.21.1.246:5002
东明综合,待分类,http://150.138.8.143/00/SNM/CHANNEL00001065/index.m3u8
东南卫视,待分类,rtsp://112.245.125.47:1554/iptv/import/Tvod/iptv/001/001/ch17082318094203998689.rsc/71682_Uni.sdp
东南卫视,待分类,http://192.168.31.2:4022/rtp/239.21.1.113:5002
东南卫视,待分类,http://123.235.73.237:9901/tsfile/live/0002_57.m3u8?key=txiptv
东南卫视,待分类,http://123.235.73.237:9901/tsfile/live/0002_31.m3u8?key=txiptv
东南卫视,待分类,http://150.138.8.143/00/SNM/CHANNEL00000310/index.m3u8
东南卫视,待分类,http://[2409:8087:1e01:20::3]/PLTV/11/224/3221225745/1.m3u8
东南卫视,待分类,http://[2409:8087:3c02:0021:0000:0001:0000:100a]:6410/shandong_cabletv.live.zte.com////CHANNEL00000310/index.m3u8?IASHttpSessionId=
东平综合,待分类,http://192.168.31.2:4022/rtp/239.21.1.216:5002
东平综合,待分类,http://150.138.8.143/00/SNM/CHANNEL00001001/index.m3u8
东营公共,待分类,http://150.138.8.143/00/SNM/CHANNEL00000227/index.m3u8
东营公共,待分类,http://192.168.31.2:4022/rtp/239.21.1.82:5002
东营综合,待分类,http://150.138.8.143/00/SNM/CHANNEL00000226/index.m3u8
东营综合,待分类,http://192.168.31.2:4022/rtp/239.21.1.81:5002
动作影院,待分类,rtsp://112.245.125.39:1554/iptv/import/Tvod/iptv/001/001/ch15090916164124642866.rsc/70004_Uni.sdp
都市剧场,待分类,http://150.138.8.143/00/SNM/CHANNEL00002022/index.m3u8
都市剧场,待分类,http://192.168.31.2:4022/rtp/239.21.2.90:5002
都市剧场,待分类,http://[2409:8087:3c02:0021:0000:0001:0000:100a]:6410/shandong_cabletv.live.zte.com////CHANNEL00002022/index.m3u8?IASHttpSessionId=
都市剧场,待分类,http://[2409:8087:1e01:20::3]/PLTV/11/224/3221226155/1.m3u8
都市剧场,待分类,rtsp://112.245.125.39:1554/iptv/import/Tvod/iptv/001/001/ch16051316281593708406.rsc/69947_Uni.sdp
法兰西,待分类,http://192.168.31.2:4022/rtp/239.21.2.168:5002
法兰西,待分类,http://150.138.8.132/PLTV/88888888/224/3221227284/517077846.smil/index.m3u8?fmt=ts2hls
发现之旅,待分类,http://123.235.73.237:9901/tsfile/live/0002_63.m3u8?key=txiptv
发现之旅,待分类,rtsp://112.245.125.47:1554/iptv/import/Tvod/iptv/001/001/ch24012314294218176484.rsc/100102_Uni.sdp
法治天地,待分类,http://150.138.8.143/00/SNM/CHANNEL00002010/index.m3u8
法治天地,待分类,http://[2409:8087:3c02:0021:0000:0001:0000:100a]:6410/shandong_cabletv.live.zte.com////CHANNEL00002010/index.m3u8?IASHttpSessionId=
法治天地,待分类,http://[2409:8087:1e01:20::3]/PLTV/11/224/3221225994/1.m3u8
法治天地,待分类,http://192.168.31.2:4022/rtp/239.21.2.105:5002
法治天地,待分类,rtsp://112.245.125.48:1554/iptv/import/Tvod/iptv/001/001/ch16051316234089749497.rsc/96400_Uni.sdp
肥城综合,待分类,http://192.168.31.2:4022/rtp/239.21.2.161:5002
肥城综合,待分类,http://150.138.8.143/00/SNM/CHANNEL00001039/index.m3u8
凤凰卫视,待分类,http://192.168.31.2:4022/rtp/239.21.2.163:5002
凤凰卫视,待分类,http://192.168.31.2:4022/rtp/239.21.2.153:5002
凤凰卫视,待分类,http://150.138.8.143/00/SNM/CHANNEL00000380/index.m3u8
凤凰香港,待分类,http://150.138.9.170:80/PLTV/88888888/224/3221227291/516918680.smil/index.m3u8?fmt=ts2hls
凤凰香港,待分类,http://192.168.31.2:4022/rtp/239.21.2.164:5002
凤凰中文,待分类,http://150.138.9.170:80/PLTV/88888888/224/3221227409/497429879.smil/index.m3u8?fmt=ts2hls
凤凰资讯,待分类,http://150.138.9.170:80/PLTV/88888888/224/3221227280/516918666.smil/index.m3u8?fmt=ts2hls
甘肃卫视,待分类,http://[2409:8087:3c02:0021:0000:0001:0000:100a]:6410/shandong_cabletv.live.zte.com////CHANNEL00000349/index.m3u8?IASHttpSessionId=
甘肃卫视,待分类,http://192.168.31.2:4022/rtp/239.21.2.22:5002
甘肃卫视,待分类,http://150.138.8.143/00/SNM/CHANNEL00000349/index.m3u8
甘肃卫视,待分类,http://[2409:8087:1e01:20::3]/PLTV/11/224/3221226090/1.m3u8
甘肃卫视,待分类,http://123.235.73.237:9901/tsfile/live/0002_38.m3u8?key=txiptv
甘肃卫视,待分类,rtsp://112.245.125.41:1554/iptv/import/Tvod/iptv/001/001/ch21092610332476918454.rsc/92476_Uni.sdp
高密综合,待分类,http://150.138.8.143/00/SNM/CHANNEL00001089/index.m3u8
高密综合,待分类,http://192.168.31.2:4022/rtp/239.21.2.59:5002
高青综合,待分类,http://150.138.8.143/00/SNM/CHANNEL00001023/index.m3u8
高青综合,待分类,http://192.168.31.2:4022/rtp/239.21.2.140:5002
广东卫视,待分类,http://192.168.31.2:4022/rtp/239.21.1.92:5002
广东卫视,待分类,rtsp://112.245.125.42:1554/iptv/import/Tvod/iptv/001/001/ch15050917541650823873.rsc/69978_Uni.sdp
广东卫视,待分类,http://150.138.8.143/00/SNM/CHANNEL00000307/index.m3u8
广东卫视,待分类,http://[2409:8087:1e01:20::3]/PLTV/11/224/3221225731/1.m3u8
广东卫视,待分类,http://[2409:8087:3c02:0021:0000:0001:0000:100a]:6410/shandong_cabletv.live.zte.com////CHANNEL00000307/index.m3u8?IASHttpSessionId=
广东卫视,待分类,http://123.235.73.237:9901/tsfile/live/0002_26.m3u8?key=txiptv
广东卫视-4K,待分类,http://192.168.31.2:4022/rtp/239.21.2.173:5002
广东卫视-4K,待分类,http://150.138.8.132/PLTV/88888888/224/3221227437/521682524.smil/index.m3u8?fmt=ts2hls
广东卫视-4K,待分类,http://192.168.31.2:4022/rtp/239.21.2.157:5002
广东卫视4K,待分类,rtsp://112.245.125.41:1554/iptv/import/Tvod/iptv/001/001/ch25062414535257116401.rsc/103043_Uni.sdp
广饶综合,待分类,http://192.168.31.2:4022/rtp/239.21.1.193:5002
广饶综合,待分类,http://150.138.8.143/00/SNM/CHANNEL00001043/index.m3u8
广西卫视,待分类,http://[2409:8087:3c02:0021:0000:0001:0000:100a]:6410/shandong_cabletv.live.zte.com////CHANNEL00000368/index.m3u8?IASHttpSessionId=
广西卫视,待分类,http://150.138.8.143/00/SNM/CHANNEL00000368/index.m3u8
广西卫视,待分类,http://192.168.31.2:4022/rtp/239.21.2.87:5002
广西卫视,待分类,http://[2409:8087:1e01:20::3]/PLTV/11/224/3221226130/1.m3u8
广西卫视,待分类,http://150.138.8.143/00/SNM/CHANNEL00000038/index.m3u8
广西卫视,待分类,rtsp://112.245.125.38:1554/iptv/import/Tvod/iptv/001/001/ch10120114524702485505.rsc/69956_Uni.sdp
光影,待分类,rtsp://112.245.125.47:1554/iptv/import/Tvod/iptv/001/001/ch15090916254772284807.rsc/69940_Uni.sdp
冠县综合,待分类,http://192.168.31.2:4022/rtp/239.21.1.250:5002
冠县综合,待分类,http://192.168.31.2:4022/rtp/239.21.2.149:5002
冠县综合,待分类,http://150.138.8.143/00/SNM/CHANNEL00001040/index.m3u8
贵州卫视,待分类,http://[2409:8087:3c02:0021:0000:0001:0000:100a]:6410/shandong_cabletv.live.zte.com////CHANNEL00000329/index.m3u8?IASHttpSessionId=
贵州卫视,待分类,http://150.138.8.143/00/SNM/CHANNEL00000329/index.m3u8
贵州卫视,待分类,http://192.168.31.2:4022/rtp/239.21.1.166:5002
贵州卫视,待分类,rtsp://112.245.125.48:1554/iptv/import/Tvod/iptv/001/001/ch17121814402415050847.rsc/75837_Uni.sdp
贵州卫视,待分类,http://123.235.73.237:9901/tsfile/live/0002_33.m3u8?key=txiptv
贵州卫视,待分类,http://[2409:8087:1e01:20::3]/PLTV/11/224/3221226173/1.m3u8
国学,待分类,rtsp://112.245.125.38:1554/iptv/import/Tvod/iptv/001/001/ch15090916181970967371.rsc/69985_Uni.sdp
古装剧场,待分类,rtsp://112.245.125.47:1554/iptv/import/Tvod/iptv/001/001/ch15090915062673403232.rsc/70072_Uni.sdp
哈哈炫动,待分类,http://123.235.73.237:9901/tsfile/live/0002_48.m3u8?key=txiptv
哈哈炫动,待分类,http://[2409:8087:1e01:20::3]/PLTV/11/224/3221226161/1.m3u8
海看教育,待分类,http://123.235.73.237:9901/tsfile/live/0002_69.m3u8?key=txiptv
海看演艺,待分类,rtsp://112.245.125.47:1554/iptv/import/Tvod/iptv/001/001/ch23112315513709014787.rsc/99848_Uni.sdp
海看演艺,待分类,http://123.235.73.237:9901/tsfile/live/0002_70.m3u8?key=txiptv
海南卫视,待分类,http://192.168.31.2:4022/rtp/239.21.2.14:5002
海南卫视,待分类,rtsp://112.245.125.38:1554/iptv/import/Tvod/iptv/001/001/ch10120116181598810422.rsc/70001_Uni.sdp
海南卫视,待分类,http://[2409:8087:3c02:0021:0000:0001:0000:100a]:6410/shandong_cabletv.live.zte.com////CHANNEL00000347/index.m3u8?IASHttpSessionId=
海南卫视,待分类,http://[2409:8087:1e01:20::3]/PLTV/11/224/3221226154/1.m3u8
海南卫视,待分类,http://150.138.8.143/00/SNM/CHANNEL00000347/index.m3u8
海洋频道,待分类,http://150.138.8.143/00/SNM/CHANNEL00000662/index.m3u8
海洋频道,待分类,http://192.168.31.2:4022/rtp/239.21.2.119:5002
海阳综合,待分类,http://150.138.8.143/00/SNM/CHANNEL00001091/index.m3u8
海阳综合,待分类,http://192.168.31.2:4022/rtp/239.21.2.68:5002
海阳综合,待分类,http://192.168.31.2:4022/rtp/239.21.2.64:5002
海阳综艺,待分类,http://192.168.31.2:4022/rtp/239.21.2.65:5002
海阳综艺,待分类,http://150.138.8.143/00/SNM/CHANNEL00001092/index.m3u8
好学生,待分类,rtsp://112.245.125.38:1554/iptv/import/Tvod/iptv/001/001/ch15090916191459347432.rsc/70050_Uni.sdp
河北卫视,待分类,http://[2409:8087:1e01:20::3]/PLTV/11/224/3221226107/1.m3u8
河北卫视,待分类,http://[2409:8087:3c02:0021:0000:0001:0000:100a]:6410/shandong_cabletv.live.zte.com////CHANNEL00000330/index.m3u8?IASHttpSessionId=
河北卫视,待分类,http://150.138.8.143/00/SNM/CHANNEL00000330/index.m3u8
河北卫视,待分类,rtsp://112.245.125.41:1554/iptv/import/Tvod/iptv/001/001/ch17121814385494126166.rsc/75853_Uni.sdp
河北卫视,待分类,http://192.168.31.2:4022/rtp/239.21.1.168:5002
河东综合,待分类,http://192.168.31.2:4022/rtp/239.21.2.136:5002
河东综合,待分类,http://150.138.8.143/00/SNM/CHANNEL00001109/index.m3u8
黑龙江卫视,待分类,http://123.235.73.237:9901/tsfile/live/0002_28.m3u8?key=txiptv
黑龙江卫视,待分类,http://[2409:8087:1e01:20::3]/PLTV/11/224/3221225722/1.m3u8
黑龙江卫视,待分类,http://192.168.31.2:4022/rtp/239.21.1.91:5002
黑龙江卫视,待分类,rtsp://112.245.125.41:1554/iptv/import/Tvod/iptv/001/001/ch12051116400952898093.rsc/70052_Uni.sdp
黑龙江卫视,待分类,http://150.138.8.143/00/SNM/CHANNEL00000306/index.m3u8
黑龙江卫视,待分类,http://[2409:8087:3c02:0021:0000:0001:0000:100a]:6410/shandong_cabletv.live.zte.com////CHANNEL00000306/index.m3u8?IASHttpSessionId=
河南卫视,待分类,http://150.138.8.143/00/SNM/CHANNEL00000037/index.m3u8
河南卫视,待分类,rtsp://112.245.125.48:1554/iptv/import/Tvod/iptv/001/001/ch10120118312827983078.rsc/69930_Uni.sdp
河南卫视,待分类,http://192.168.31.2:4022/rtp/239.21.2.37:5002
河南卫视,待分类,http://[2409:8087:1e01:20::3]/PLTV/11/224/3221226132/1.m3u8
河南卫视,待分类,http://150.138.8.143/00/SNM/CHANNEL00000358/index.m3u8
河南卫视,待分类,http://[2409:8087:3c02:0021:0000:0001:0000:100a]:6410/shandong_cabletv.live.zte.com////CHANNEL00000369/index.m3u8?IASHttpSessionId=
河南卫视,待分类,http://123.235.73.237:9901/tsfile/live/0139_1.m3u8?key=txiptv
河南卫视,待分类,http://[2409:8087:3c02:0021:0000:0001:0000:100a]:6410/shandong_cabletv.live.zte.com////CHANNEL00000358/index.m3u8?IASHttpSessionId=
菏泽-1,待分类,http://192.168.31.2:4022/rtp/239.21.1.103:5002
菏泽-1,待分类,http://150.138.8.143/00/SNM/CHANNEL00000232/index.m3u8
菏泽-2,待分类,http://192.168.31.2:4022/rtp/239.21.2.18:5002
菏泽-2,待分类,http://150.138.8.143/00/SNM/CHANNEL00000234/index.m3u8
红色影院,待分类,rtsp://112.245.125.38:1554/iptv/import/Tvod/iptv/001/001/ch15090915431474482038.rsc/70060_Uni.sdp
黄岛生活,待分类,http://192.168.31.2:4022/rtp/239.21.2.58:5002
黄岛生活,待分类,http://150.138.8.143/00/SNM/CHANNEL00001087/index.m3u8
黄岛综合,待分类,http://150.138.8.143/00/SNM/CHANNEL00001086/index.m3u8
黄岛综合,待分类,http://192.168.31.2:4022/rtp/239.21.2.57:5002
环球旅游,待分类,http://150.138.8.143/00/SNM/CHANNEL00000643/index.m3u8
环球旅游,待分类,http://192.168.31.2:4022/rtp/239.21.2.115:5002
环球旅游,待分类,rtsp://112.245.125.48:1554/iptv/import/Tvod/iptv/001/001/ch22122209125585392509.rsc/98106_Uni.sdp
桓台综合,待分类,http://192.168.31.2:4022/rtp/239.21.1.105:5002
桓台综合,待分类,http://150.138.8.143/00/SNM/CHANNEL00001020/index.m3u8
欢笑剧场,待分类,http://[2409:8087:1e01:20::3]/PLTV/11/224/3221225771/1.m3u8
湖北卫视,待分类,rtsp://112.245.125.47:1554/iptv/import/Tvod/iptv/001/001/ch15050917541519800547.rsc/69933_Uni.sdp
湖北卫视,待分类,http://123.235.73.237:9901/tsfile/live/0002_25.m3u8?key=txiptv
湖北卫视,待分类,http://192.168.31.2:4022/rtp/239.21.1.163:5002
湖北卫视,待分类,http://123.235.73.237:9901/tsfile/live/0002_65.m3u8?key=txiptv
湖北卫视,待分类,http://[2409:8087:3c02:0021:0000:0001:0000:100a]:6410/shandong_cabletv.live.zte.com////CHANNEL00000325/index.m3u8?IASHttpSessionId=
湖北卫视,待分类,http://[2409:8087:1e01:20::3]/PLTV/11/224/3221225729/1.m3u8
湖北卫视,待分类,http://150.138.8.143/00/SNM/CHANNEL00000325/index.m3u8
惠民综合,待分类,http://150.138.8.143/00/SNM/CHANNEL00001009/index.m3u8
惠民综合,待分类,http://192.168.31.2:4022/rtp/239.21.1.181:5002
湖南卫视,待分类,rtsp://112.245.125.45:1554/iptv/import/Tvod/iptv/001/001/ch12051116352384581471.rsc/70069_Uni.sdp
湖南卫视,待分类,http://123.235.73.237:9901/tsfile/live/0002_18.m3u8?key=txiptv
湖南卫视,待分类,http://[2409:8087:1e01:20::3]/PLTV/11/224/3221225726/1.m3u8
湖南卫视,待分类,http://192.168.31.2:4022/rtp/239.21.1.158:5002
湖南卫视,待分类,http://150.138.8.143/00/SNM/CHANNEL00000324/index.m3u8
湖南卫视,待分类,http://[2409:8087:3c02:0021:0000:0001:0000:100a]:6410/shandong_cabletv.live.zte.com////CHANNEL00000324/index.m3u8?IASHttpSessionId=
湖南卫视-4K,待分类,http://192.168.31.2:4022/rtp/239.21.2.181:5002
湖南卫视4K,待分类,rtsp://112.245.125.45:1554/iptv/import/Tvod/iptv/001/001/ch25092214073911761412.rsc/103206_Uni.sdp
IPTV法治,待分类,rtsp://112.245.125.39:1554/iptv/import/Tvod/iptv/001/001/ch13031310542255942002.rsc/70032_Uni.sdp
IPTV野外,待分类,rtsp://112.245.125.39:1554/iptv/import/Tvod/iptv/001/001/ch13031310535009021862.rsc/70024_Uni.sdp
嘉佳卡通,待分类,http://192.168.31.2:4022/rtp/239.21.2.5:5002
嘉佳卡通,待分类,http://150.138.8.143/00/SNM/CHANNEL00000074/index.m3u8
嘉佳卡通,待分类,http://[2409:8087:1e01:20::3]/PLTV/11/224/3221226021/1.m3u8
嘉佳卡通,待分类,rtsp://112.245.125.39:1554/iptv/import/Tvod/iptv/001/001/ch15050917541249689380.rsc/69983_Uni.sdp
江苏卫视,待分类,rtsp://112.245.125.45:1554/iptv/import/Tvod/iptv/001/001/ch12051116384379542816.rsc/69997_Uni.sdp
江苏卫视,待分类,http://123.235.73.237:9901/tsfile/live/0002_21.m3u8?key=txiptv
江苏卫视,待分类,http://192.168.31.2:4022/rtp/239.21.1.89:5002
江苏卫视,待分类,http://[2409:8087:3c02:0021:0000:0001:0000:100a]:6410/shandong_cabletv.live.zte.com////CHANNEL00000304/index.m3u8?IASHttpSessionId=
江苏卫视,待分类,http://150.138.8.143/00/SNM/CHANNEL00000304/index.m3u8
江苏卫视,待分类,http://[2409:8087:1e01:20::3]/PLTV/11/224/3221225720/1.m3u8
江苏卫视-4K,待分类,http://192.168.31.2:4022/rtp/239.21.2.183:5002
江苏卫视4K,待分类,rtsp://112.245.125.45:1554/iptv/import/Tvod/iptv/001/001/ch25092214081313070909.rsc/103254_Uni.sdp
江西卫视,待分类,http://[2409:8087:1e01:20::3]/PLTV/11/224/3221225740/1.m3u8
江西卫视,待分类,http://123.235.73.237:9901/tsfile/live/0002_29.m3u8?key=txiptv
江西卫视,待分类,http://150.138.8.143/00/SNM/CHANNEL00000335/index.m3u8
江西卫视,待分类,rtsp://112.245.125.38:1554/iptv/import/Tvod/iptv/001/001/ch10120118345500084693.rsc/69999_Uni.sdp
江西卫视,待分类,http://192.168.31.2:4022/rtp/239.21.1.167:5002
江西卫视,待分类,http://[2409:8087:3c02:0021:0000:0001:0000:100a]:6410/shandong_cabletv.live.zte.com////CHANNEL00000335/index.m3u8?IASHttpSessionId=
鉴赏,待分类,rtsp://112.245.125.47:1554/iptv/import/Tvod/iptv/001/001/ch15090916075722072184.rsc/69924_Uni.sdp
胶州综合,待分类,http://192.168.31.2:4022/rtp/239.21.2.60:5002
胶州综合,待分类,http://150.138.8.143/00/SNM/CHANNEL00001074/index.m3u8
家庭理财,待分类,http://150.138.8.143/00/SNM/CHANNEL00000654/index.m3u8
家庭影院,待分类,rtsp://112.245.125.47:1554/iptv/import/Tvod/iptv/001/001/ch15090916215642164569.rsc/70055_Uni.sdp
嘉祥综合,待分类,http://150.138.8.143/00/SNM/CHANNEL00001016/index.m3u8
嘉祥综合,待分类,http://192.168.31.2:4022/rtp/239.21.2.84:5002
解密,待分类,rtsp://112.245.125.42:1554/iptv/import/Tvod/iptv/001/001/ch15090915530786226072.rsc/70033_Uni.sdp
吉林卫视,待分类,http://150.138.8.143/00/SNM/CHANNEL00000036/index.m3u8
吉林卫视,待分类,http://150.138.8.143/00/SNM/CHANNEL00000363/index.m3u8
吉林卫视,待分类,http://192.168.31.2:4022/rtp/239.21.2.49:5002
吉林卫视,待分类,http://[2409:8087:1e01:20::3]/PLTV/11/224/3221226149/1.m3u8
吉林卫视,待分类,rtsp://112.245.125.48:1554/iptv/import/Tvod/iptv/001/001/ch10120116035123677506.rsc/69989_Uni.sdp
吉林卫视,待分类,http://123.235.73.237:9901/tsfile/live/0002_37.m3u8?key=txiptv
吉林卫视,待分类,http://[2409:8087:3c02:0021:0000:0001:0000:100a]:6410/shandong_cabletv.live.zte.com////CHANNEL00000363/index.m3u8?IASHttpSessionId=
济南都市,待分类,http://192.168.31.2:4022/rtp/239.21.1.63:5002
济南都市,待分类,http://150.138.8.143/00/SNM/CHANNEL00000062/index.m3u8
济南教育,待分类,http://192.168.31.2:4022/rtp/239.21.1.133:5002
济南教育,待分类,http://150.138.8.143/00/SNM/CHANNEL00000069/index.m3u8
济南鲁中,待分类,http://192.168.31.2:4022/rtp/239.21.1.149:5002
济南鲁中,待分类,http://150.138.8.143/00/SNM/CHANNEL00000244/index.m3u8
济南少儿,待分类,http://150.138.8.143/00/SNM/CHANNEL00000067/index.m3u8
济南少儿,待分类,http://192.168.31.2:4022/rtp/239.21.1.68:5002
济南生活,待分类,http://192.168.31.2:4022/rtp/239.21.1.64:5002
济南生活,待分类,http://150.138.8.143/00/SNM/CHANNEL00000063/index.m3u8
济南体育,待分类,http://150.138.8.143/00/SNM/CHANNEL00000064/index.m3u8
济南文旅,待分类,http://192.168.31.2:4022/rtp/239.21.1.65:5002
济南娱乐,待分类,http://192.168.31.2:4022/rtp/239.21.1.66:5002
济南娱乐,待分类,http://150.138.8.143/00/SNM/CHANNEL00000065/index.m3u8
济南综合,待分类,http://192.168.31.2:4022/rtp/239.21.1.94:5002
济南综合,待分类,http://150.138.8.143/00/SNM/CHANNEL00000061/index.m3u8
济南综合,待分类,http://150.138.8.143/00/SNM/CHANNEL00000312/index.m3u8
济南综合,待分类,http://150.138.8.143/00/SNM/CHANNEL00004000/index.m3u8
济南综合,待分类,http://192.168.31.2:4022/rtp/239.21.1.62:5002
劲爆体育,待分类,http://[2409:8087:3c02:0021:0000:0001:0000:100a]:6410/shandong_cabletv.live.zte.com////CHANNEL00002026/index.m3u8?IASHttpSessionId=
睛彩广场舞,待分类,http://[2409:8087:1e01:20::3]/PLTV/11/224/3221226139/1.m3u8
睛彩竞技,待分类,http://[2409:8087:1e01:20::3]/PLTV/11/224/3221226116/1.m3u8
睛彩篮球,待分类,http://[2409:8087:1e01:20::3]/PLTV/11/224/3221226118/1.m3u8
精彩影视,待分类,http://192.168.31.2:4022/rtp/239.21.2.91:5002
精彩影视,待分类,http://[2409:8087:3c02:0021:0000:0001:0000:100a]:6410/shandong_cabletv.live.zte.com////CHANNEL00002012/index.m3u8?IASHttpSessionId=
精彩影视,待分类,http://150.138.8.143/00/SNM/CHANNEL00002012/index.m3u8
精彩影视,待分类,rtsp://112.245.125.39:1554/iptv/import/Tvod/iptv/001/001/ch21092610322847858391.rsc/92512_Uni.sdp
经典电影,待分类,rtsp://112.245.125.39:1554/iptv/import/Tvod/iptv/001/001/ch11060317313622161494.rsc/69976_Uni.sdp
经典剧场,待分类,rtsp://112.245.125.38:1554/iptv/import/Tvod/iptv/001/001/ch15090915512437000823.rsc/70022_Uni.sdp
精选,待分类,rtsp://112.245.125.47:1554/iptv/import/Tvod/iptv/001/001/ch15090915484219614929.rsc/69955_Uni.sdp
济宁高新,待分类,http://192.168.31.2:4022/rtp/239.21.2.83:5002
济宁高新,待分类,http://150.138.8.143/00/SNM/CHANNEL00001101/index.m3u8
济宁公共,待分类,http://150.138.8.143/00/SNM/CHANNEL00000241/index.m3u8
济宁公共,待分类,http://192.168.31.2:4022/rtp/239.21.2.20:5002
济宁生活,待分类,http://150.138.8.143/00/SNM/CHANNEL00000239/index.m3u8
济宁生活,待分类,http://192.168.31.2:4022/rtp/239.21.1.139:5002
济宁综合,待分类,http://150.138.8.143/00/SNM/CHANNEL00000240/index.m3u8
济宁综合,待分类,http://192.168.31.2:4022/rtp/239.21.2.19:5002
金色学堂,待分类,http://150.138.8.143/00/SNM/CHANNEL00002018/index.m3u8
金色学堂,待分类,http://[2409:8087:1e01:20::3]/PLTV/11/224/3221225748/1.m3u8
金色学堂,待分类,http://192.168.31.2:4022/rtp/239.21.2.102:5002
金色学堂,待分类,http://[2409:8087:3c02:0021:0000:0001:0000:100a]:6410/shandong_cabletv.live.zte.com////CHANNEL00002018/index.m3u8?IASHttpSessionId=
金色学堂,待分类,rtsp://112.245.125.42:1554/iptv/import/Tvod/iptv/001/001/ch16051316370413715540.rsc/70002_Uni.sdp
金鹰纪实,待分类,rtsp://112.245.125.48:1554/iptv/import/Tvod/iptv/001/001/ch15050917541337365144.rsc/70053_Uni.sdp
金鹰纪实,待分类,http://[2409:8087:3c02:0021:0000:0001:0000:100a]:6410/shandong_cabletv.live.zte.com////CHANNEL00000334/index.m3u8?IASHttpSessionId=
金鹰纪实,待分类,http://192.168.31.2:4022/rtp/239.21.1.170:5002
金鹰纪实,待分类,http://150.138.8.143/00/SNM/CHANNEL00000334/index.m3u8
金鹰卡通,待分类,http://150.138.8.143/00/SNM/CHANNEL00002027/index.m3u8
金鹰卡通,待分类,rtsp://112.245.125.41:1554/iptv/import/Tvod/iptv/001/001/ch11122400412227153064.rsc/70028_Uni.sdp
金鹰卡通,待分类,rtsp://112.245.125.47:1554/iptv/import/Tvod/iptv/001/001/ch24111213065813502431.rsc/101580_Uni.sdp
金鹰卡通,待分类,http://150.138.8.143/00/SNM/CHANNEL00000047/index.m3u8
金鹰卡通,待分类,http://192.168.31.2:4022/rtp/239.21.2.121:5002
金鹰卡通,待分类,http://[2409:8087:1e01:20::3]/PLTV/11/224/3221226094/1.m3u8
金鹰卡通,待分类,http://[2409:8087:3c02:0021:0000:0001:0000:100a]:6410/shandong_cabletv.live.zte.com////CHANNEL00002027/index.m3u8?IASHttpSessionId=
纪实科教,待分类,http://150.138.8.143/00/SNM/CHANNEL00000332/index.m3u8
纪实科教,待分类,http://192.168.31.2:4022/rtp/239.21.1.172:5002
济阳综合,待分类,http://150.138.8.143/00/SNM/CHANNEL00001030/index.m3u8
济阳综合,待分类,http://192.168.31.2:4022/rtp/239.21.1.187:5002
鄄城综合,待分类,http://150.138.8.143/00/SNM/CHANNEL00001084/index.m3u8
鄄城综合,待分类,http://192.168.31.2:4022/rtp/239.21.2.141:5002
莒南综合,待分类,http://150.138.8.143/00/SNM/CHANNEL00001011/index.m3u8
莒南综合,待分类,http://192.168.31.2:4022/rtp/239.21.2.66:5002
军旅剧场,待分类,rtsp://112.245.125.41:1554/iptv/import/Tvod/iptv/001/001/ch15090915023023311866.rsc/69969_Uni.sdp
军事,待分类,rtsp://112.245.125.38:1554/iptv/import/Tvod/iptv/001/001/ch15090915223200641077.rsc/70054_Uni.sdp
聚鲨环球,待分类,rtsp://112.245.125.48:1554/iptv/import/Tvod/iptv/001/001/ch24111213071421948951.rsc/101556_Uni.sdp
莒县综合,待分类,http://150.138.8.143/00/SNM/CHANNEL00001014/index.m3u8
莒县综合,待分类,http://192.168.31.2:4022/rtp/239.21.1.236:5002
巨野新闻,待分类,http://150.138.8.143/00/SNM/CHANNEL00001046/index.m3u8
巨野新闻,待分类,http://192.168.31.2:4022/rtp/239.21.1.215:5002
卡酷少儿,待分类,http://[2409:8087:1e01:20::3]/PLTV/11/224/3221226019/1.m3u8
卡酷少儿,待分类,rtsp://112.245.125.47:1554/iptv/import/Tvod/iptv/001/001/ch10120118400576795406.rsc/69993_Uni.sdp
卡酷少儿,待分类,http://150.138.8.143/00/SNM/CHANNEL00000661/index.m3u8
卡酷少儿,待分类,http://192.168.31.2:4022/rtp/239.21.2.120:5002
卡酷少儿,待分类,http://150.138.8.143/00/SNM/CHANNEL00000048/index.m3u8
卡酷少儿,待分类,http://123.235.73.237:9901/tsfile/live/0002_47.m3u8?key=txiptv
康巴卫视,待分类,http://[2409:8087:1e01:20::3]/PLTV/11/224/3221225773/1.m3u8
客厅,待分类,rtsp://192.168.31.9:8554/keting
快乐垂钓,待分类,http://192.168.31.2:4022/rtp/239.21.2.97:5002
快乐垂钓,待分类,rtsp://112.245.125.41:1554/iptv/import/Tvod/iptv/001/001/ch21082717343948936881.rsc/96392_Uni.sdp
快乐垂钓,待分类,http://150.138.8.143/00/SNM/CHANNEL00000648/index.m3u8
莱西综合,待分类,http://192.168.31.2:4022/rtp/239.21.1.247:5002
莱西综合,待分类,http://150.138.8.143/00/SNM/CHANNEL00001067/index.m3u8
兰陵公共,待分类,http://192.168.31.2:4022/rtp/239.21.2.63:5002
兰陵公共,待分类,http://150.138.8.143/00/SNM/CHANNEL00001095/index.m3u8
兰陵综合,待分类,http://192.168.31.2:4022/rtp/239.21.1.237:5002
兰陵综合,待分类,http://150.138.8.143/00/SNM/CHANNEL00001032/index.m3u8
岚山综合,待分类,http://150.138.8.143/00/SNM/CHANNEL00001044/index.m3u8
岚山综合,待分类,http://192.168.31.2:4022/rtp/239.21.1.209:5002
老故事,待分类,rtsp://112.245.125.41:1554/iptv/import/Tvod/iptv/001/001/ch24012314302384136112.rsc/100078_Uni.sdp
崂山1台,待分类,http://192.168.31.2:4022/rtp/239.21.2.122:5002
崂山1台,待分类,http://150.138.8.143/00/SNM/CHANNEL00001075/index.m3u8
崂山综合,待分类,http://150.138.8.143/00/SNM/CHANNEL00001022/index.m3u8
崂山综合,待分类,http://192.168.31.2:4022/rtp/239.21.1.223:5002
乐游,待分类,http://[2409:8087:3c02:0021:0000:0001:0000:100a]:6410/shandong_cabletv.live.zte.com////CHANNEL00002016/index.m3u8?IASHttpSessionId=
乐游,待分类,http://192.168.31.2:4022/rtp/239.21.2.104:5002
乐游,待分类,rtsp://112.245.125.39:1554/iptv/import/Tvod/iptv/001/001/ch16051316264757381898.rsc/69991_Uni.sdp
乐游,待分类,http://150.138.8.143/00/SNM/CHANNEL00002016/index.m3u8
乐游,待分类,http://[2409:8087:1e01:20::3]/PLTV/11/224/3221226157/1.m3u8
梁山综合,待分类,http://192.168.31.2:4022/rtp/239.21.2.12:5002
聊城民生,待分类,http://150.138.8.143/00/SNM/CHANNEL00000251/index.m3u8
聊城民生,待分类,http://192.168.31.2:4022/rtp/239.21.1.254:5002
聊城综合,待分类,http://150.138.8.143/00/SNM/CHANNEL00000250/index.m3u8
聊城综合,待分类,http://192.168.31.2:4022/rtp/239.21.1.253:5002
辽宁卫视,待分类,rtsp://112.245.125.39:1554/iptv/import/Tvod/iptv/001/001/ch15050917541756096231.rsc/69996_Uni.sdp
辽宁卫视,待分类,http://[2409:8087:1e01:20::3]/PLTV/11/224/3221225747/1.m3u8
辽宁卫视,待分类,http://123.235.73.237:9901/tsfile/live/0002_27.m3u8?key=txiptv
辽宁卫视,待分类,http://[2409:8087:3c02:0021:0000:0001:0000:100a]:6410/shandong_cabletv.live.zte.com////CHANNEL00000326/index.m3u8?IASHttpSessionId=
辽宁卫视,待分类,http://150.138.8.143/00/SNM/CHANNEL00000326/index.m3u8
辽宁卫视,待分类,http://123.235.73.237:9901/tsfile/live/0002_67.m3u8?key=txiptv
辽宁卫视,待分类,http://192.168.31.2:4022/rtp/239.21.1.164:5002
历城综合,待分类,http://150.138.8.143/00/SNM/CHANNEL00001105/index.m3u8
历城综合,待分类,http://192.168.31.2:4022/rtp/239.21.2.132:5002
陵城综合,待分类,http://192.168.31.2:4022/rtp/239.21.2.24:5002
临清综合,待分类,http://192.168.31.2:4022/rtp/239.21.2.123:5002
临清综合,待分类,http://150.138.8.143/00/SNM/CHANNEL00001103/index.m3u8
临朐综合,待分类,http://150.138.8.143/00/SNM/CHANNEL00001085/index.m3u8
临朐综合,待分类,http://192.168.31.2:4022/rtp/239.21.2.62:5002
临沭综合,待分类,http://150.138.8.143/00/SNM/CHANNEL00001094/index.m3u8
临沭综合,待分类,http://192.168.31.2:4022/rtp/239.21.2.154:5002
临邑综合,待分类,http://150.138.8.143/00/SNM/CHANNEL00001104/index.m3u8
临邑综合,待分类,http://192.168.31.2:4022/rtp/239.21.2.130:5002
梨园,待分类,rtsp://112.245.125.38:1554/iptv/import/Tvod/iptv/001/001/ch21092610314667739520.rsc/92523_Uni.sdp
梨园,待分类,http://192.168.31.2:4022/rtp/239.21.2.101:5002
梨园,待分类,http://150.138.8.143/00/SNM/CHANNEL00000656/index.m3u8
龙口综合,待分类,http://150.138.8.143/00/SNM/CHANNEL00001005/index.m3u8
龙口综合,待分类,http://192.168.31.2:4022/rtp/239.21.2.146:5002
旅游卫视,待分类,http://123.235.73.237:9901/tsfile/live/0002_36.m3u8?key=txiptv
魅力时尚,待分类,rtsp://112.245.125.42:1554/iptv/import/Tvod/iptv/001/001/ch11061217095691862636.rsc/70009_Uni.sdp
魅力足球,待分类,http://150.138.8.143/00/SNM/CHANNEL00002021/index.m3u8
美人,待分类,rtsp://112.245.125.47:1554/iptv/import/Tvod/iptv/001/001/ch15090916040665863835.rsc/69934_Uni.sdp
美妆,待分类,rtsp://112.245.125.48:1554/iptv/import/Tvod/iptv/001/001/ch15090915493052938184.rsc/70015_Uni.sdp
蒙阴综合,待分类,http://192.168.31.2:4022/rtp/239.21.2.23:5002
蒙阴综合,待分类,http://150.138.8.143/00/SNM/CHANNEL00001031/index.m3u8
门铃,待分类,rtsp://192.168.31.9:8554/Doorbell
墨宝,待分类,rtsp://112.245.125.42:1554/iptv/import/Tvod/iptv/001/001/ch15090916235097407367.rsc/70062_Uni.sdp
牟平生活,待分类,http://150.138.8.143/00/SNM/CHANNEL00001077/index.m3u8
牟平生活,待分类,http://192.168.31.2:4022/rtp/239.21.2.11:5002
牟平综合,待分类,http://192.168.31.2:4022/rtp/239.21.2.10:5002
牟平综合,待分类,http://150.138.8.143/00/SNM/CHANNEL00001076/index.m3u8
内蒙古卫视,待分类,http://150.138.8.143/00/SNM/CHANNEL00000040/index.m3u8
内蒙古卫视,待分类,rtsp://112.245.125.47:1554/iptv/import/Tvod/iptv/001/001/ch10120118290217488762.rsc/70041_Uni.sdp
内蒙古卫视,待分类,http://123.235.73.237:9901/tsfile/live/0002_43.m3u8?key=txiptv
内蒙古卫视,待分类,http://192.168.31.2:4022/rtp/239.21.1.41:5002
内蒙古卫视,待分类,http://[2409:8087:1e01:20::3]/PLTV/11/224/3221226011/1.m3u8
NHK世界台,待分类,http://150.138.8.132/PLTV/88888888/224/3221227292/517077885.smil/index.m3u8?fmt=ts2hls
NHK世界台,待分类,http://192.168.31.2:4022/rtp/239.21.2.170:5002
宁津综合,待分类,http://192.168.31.2:4022/rtp/239.21.2.50:5002
宁津综合,待分类,http://150.138.8.143/00/SNM/CHANNEL00001003/index.m3u8
宁夏卫视,待分类,http://123.235.73.237:9901/tsfile/live/0002_39.m3u8?key=txiptv
宁夏卫视,待分类,http://[2409:8087:3c02:0021:0000:0001:0000:100a]:6410/shandong_cabletv.live.zte.com////CHANNEL00000395/index.m3u8?IASHttpSessionId=
宁夏卫视,待分类,http://[2409:8087:1e01:20::3]/PLTV/11/224/3221226092/1.m3u8
宁夏卫视,待分类,http://192.168.31.2:4022/rtp/239.21.2.189:5002
宁夏卫视,待分类,http://150.138.8.143/00/SNM/CHANNEL00000043/index.m3u8
宁夏卫视,待分类,rtsp://112.245.125.41:1554/iptv/import/Tvod/iptv/001/001/ch25072809435815201156.rsc/103092_Uni.sdp
宁夏卫视,待分类,rtsp://112.245.125.41:1554/iptv/import/Tvod/iptv/001/001/ch10120118321878054010.rsc/69948_Uni.sdp
宁夏卫视,待分类,http://192.168.31.2:4022/rtp/239.21.1.44:5002
宁阳生活,待分类,http://150.138.8.143/00/SNM/CHANNEL00001072/index.m3u8
宁阳生活,待分类,http://192.168.31.2:4022/rtp/239.21.1.144:5002
宁阳综合,待分类,http://192.168.31.2:4022/rtp/239.21.1.143:5002
宁阳综合,待分类,http://150.138.8.143/00/SNM/CHANNEL00001071/index.m3u8
农林卫视,待分类,http://192.168.31.2:4022/rtp/239.21.1.235:5002
农林卫视,待分类,rtsp://112.245.125.41:1554/iptv/import/Tvod/iptv/001/001/ch10120118335748437793.rsc/69961_Uni.sdp
农林卫视,待分类,http://123.235.73.237:9901/tsfile/live/0002_45.m3u8?key=txiptv
农林卫视,待分类,http://150.138.8.143/00/SNM/CHANNEL00000072/index.m3u8
欧洲新闻,待分类,http://150.138.8.132/PLTV/88888888/224/3221227288/517077815.smil/index.m3u8?fmt=ts2hls
欧洲新闻,待分类,http://192.168.31.2:4022/rtp/239.21.2.169:5002
蓬莱综合,待分类,http://150.138.8.143/00/SNM/CHANNEL00001088/index.m3u8
蓬莱综合,待分类,http://192.168.31.2:4022/rtp/239.21.2.56:5002
平度综合,待分类,http://192.168.31.2:4022/rtp/239.21.1.228:5002
平度综合,待分类,http://150.138.8.143/00/SNM/CHANNEL00001054/index.m3u8
平阴综合,待分类,http://150.138.8.143/00/SNM/CHANNEL00001050/index.m3u8
平阴综合,待分类,http://192.168.31.2:4022/rtp/239.21.1.221:5002
平原综合,待分类,http://192.168.31.2:4022/rtp/239.21.1.243:5002
平原综合,待分类,http://150.138.8.143/00/SNM/CHANNEL00001064/index.m3u8
齐河综合,待分类,http://150.138.8.143/00/SNM/CHANNEL00001056/index.m3u8
齐河综合,待分类,http://192.168.31.2:4022/rtp/239.21.1.230:5002
齐鲁频道,待分类,http://[2409:8087:3c02:0021:0000:0001:0000:100a]:6410/shandong_cabletv.live.zte.com////CHANNEL00000313/index.m3u8?IASHttpSessionId=
汽摩,待分类,http://192.168.31.2:4022/rtp/239.21.2.142:5002
汽摩,待分类,http://150.138.8.143/00/SNM/CHANNEL00000711/index.m3u8
汽摩,待分类,rtsp://112.245.125.48:1554/iptv/import/Tvod/iptv/001/001/ch23112715323902470603.rsc/99884_Uni.sdp
青岛QTV-1,待分类,http://192.168.31.2:4022/rtp/239.21.1.69:5002
青岛QTV-1,待分类,http://150.138.8.143/00/SNM/CHANNEL00000500/index.m3u8
青岛QTV-1,待分类,http://123.235.73.237:9901/tsfile/live/1000_1.m3u8?key=txiptv
青岛QTV-2,待分类,http://192.168.31.2:4022/rtp/239.21.1.70:5002
青岛QTV-2,待分类,http://150.138.8.143/00/SNM/CHANNEL00000501/index.m3u8
青岛QTV-3,待分类,http://123.235.73.237:9901/tsfile/live/1002_1.m3u8?key=txiptv
青岛QTV-3,待分类,http://150.138.8.143/00/SNM/CHANNEL00000502/index.m3u8
青岛QTV-3,待分类,http://192.168.31.2:4022/rtp/239.21.1.71:5002
青岛QTV-4,待分类,http://123.235.73.237:9901/tsfile/live/1004_1.m3u8?key=txiptv
青岛QTV-4,待分类,http://192.168.31.2:4022/rtp/239.21.1.72:5002
青岛QTV-4,待分类,http://150.138.8.143/00/SNM/CHANNEL00000503/index.m3u8
青岛QTV-5,待分类,http://150.138.8.143/00/SNM/CHANNEL00000505/index.m3u8
青岛QTV-5,待分类,http://192.168.31.2:4022/rtp/239.21.1.74:5002
青岛QTV-6,待分类,http://123.235.73.237:9901/tsfile/live/0002_1.m3u8?key=txiptv
青海卫视,待分类,rtsp://112.245.125.39:1554/iptv/import/Tvod/iptv/001/001/ch10120118273518671654.rsc/69945_Uni.sdp
青海卫视,待分类,http://[2409:8087:3c02:0021:0000:0001:0000:100a]:6410/shandong_cabletv.live.zte.com////CHANNEL00000366/index.m3u8?IASHttpSessionId=
青海卫视,待分类,http://[2409:8087:1e01:20::3]/PLTV/11/224/3221226105/1.m3u8
青海卫视,待分类,http://192.168.31.2:4022/rtp/239.21.2.51:5002
青海卫视,待分类,http://150.138.8.143/00/SNM/CHANNEL00000042/index.m3u8
青海卫视,待分类,http://150.138.8.143/00/SNM/CHANNEL00000366/index.m3u8
青海卫视,待分类,http://123.235.73.237:9901/tsfile/live/0002_40.m3u8?key=txiptv
青海卫视,待分类,http://192.168.31.2:4022/rtp/239.21.2.85:5002
青州文旅,待分类,http://192.168.31.2:4022/rtp/239.21.1.231:5002
青州文旅,待分类,http://150.138.8.143/00/SNM/CHANNEL00001057/index.m3u8
青州综合,待分类,http://150.138.8.143/00/SNM/CHANNEL00001042/index.m3u8
青州综合,待分类,http://192.168.31.2:4022/rtp/239.21.1.232:5002
求索纪录,待分类,http://150.138.8.143/00/SNM/CHANNEL00000667/index.m3u8
求索纪录,待分类,http://192.168.31.2:4022/rtp/239.21.2.159:5002
求索纪录,待分类,rtsp://112.245.125.48:1554/iptv/import/Tvod/iptv/001/001/ch25041514142600797103.rsc/102871_Uni.sdp
栖霞综合,待分类,http://192.168.31.2:4022/rtp/239.21.1.229:5002
栖霞综合,待分类,http://150.138.8.143/00/SNM/CHANNEL00001055/index.m3u8
qtv-1,待分类,http://[2409:8087:3c02:0021:0000:0001:0000:100a]:6410/shandong_cabletv.live.zte.com////CHANNEL00000500/index.m3u8?IASHttpSessionId=
qtv-2,待分类,http://[2409:8087:3c02:0021:0000:0001:0000:100a]:6410/shandong_cabletv.live.zte.com////CHANNEL00000501/index.m3u8?IASHttpSessionId=
qtv-3,待分类,http://[2409:8087:3c02:0021:0000:0001:0000:100a]:6410/shandong_cabletv.live.zte.com////CHANNEL00000502/index.m3u8?IASHttpSessionId=
qtv-4,待分类,http://[2409:8087:3c02:0021:0000:0001:0000:100a]:6410/shandong_cabletv.live.zte.com////CHANNEL00000503/index.m3u8?IASHttpSessionId=
qtv-5,待分类,http://[2409:8087:3c02:0021:0000:0001:0000:100a]:6410/shandong_cabletv.live.zte.com////CHANNEL00000505/index.m3u8?IASHttpSessionId=
曲阜综合,待分类,http://192.168.31.2:4022/rtp/239.21.1.225:5002
曲阜综合,待分类,http://150.138.8.143/00/SNM/CHANNEL00001052/index.m3u8
热播剧场,待分类,rtsp://112.245.125.48:1554/iptv/import/Tvod/iptv/001/001/ch11060317301148954080.rsc/70000_Uni.sdp
任城生活,待分类,http://150.138.8.143/00/SNM/CHANNEL00001112/index.m3u8
任城生活,待分类,http://192.168.31.2:4022/rtp/239.21.2.144:5002
任城综合,待分类,http://150.138.8.143/00/SNM/CHANNEL00001111/index.m3u8
任城综合,待分类,http://192.168.31.2:4022/rtp/239.21.2.143:5002
热血剧场,待分类,http://[2409:8087:3c02:0021:0000:0001:0000:100a]:6410/shandong_cabletv.live.zte.com////CHANNEL00002032/index.m3u8?IASHttpSessionId=
日照公共,待分类,http://192.168.31.2:4022/rtp/239.21.2.81:5002
日照公共,待分类,http://150.138.8.143/00/SNM/CHANNEL00001100/index.m3u8
日照科教,待分类,http://192.168.31.2:4022/rtp/239.21.1.80:5002
日照科教,待分类,http://150.138.8.143/00/SNM/CHANNEL00000263/index.m3u8
日照综合,待分类,http://192.168.31.2:4022/rtp/239.21.1.79:5002
日照综合,待分类,http://150.138.8.143/00/SNM/CHANNEL00000262/index.m3u8
荣成综合,待分类,http://192.168.31.2:4022/rtp/239.21.1.227:5002
荣成综合,待分类,http://150.138.8.143/00/SNM/CHANNEL00001053/index.m3u8
乳山综合,待分类,http://192.168.31.2:4022/rtp/239.21.1.220:5002
乳山综合,待分类,http://150.138.8.143/00/SNM/CHANNEL00001049/index.m3u8
三沙卫视,待分类,http://150.138.8.143/00/SNM/CHANNEL00000078/index.m3u8
三沙卫视,待分类,http://192.168.31.2:4022/rtp/239.21.2.9:5002
三沙卫视,待分类,http://123.235.73.237:9901/tsfile/live/0002_60.m3u8?key=txiptv
三沙卫视,待分类,rtsp://112.245.125.38:1554/iptv/import/Tvod/iptv/001/001/ch19120615372589393337.rsc/89705_Uni.sdp
山东海洋频道,待分类,rtsp://112.245.125.38:1554/iptv/import/Tvod/iptv/001/001/ch22111116270462496793.rsc/96159_Uni.sdp
山东交通广播,待分类,http://150.138.8.143/00/SNM/CHANNEL00003002/index.m3u8
山东交通广播,待分类,http://192.168.31.2:4022/rtp/239.21.2.151:5002
山东教育,待分类,http://123.235.73.237:9901/tsfile/live/0002_50.m3u8?key=txiptv
山东教育,待分类,rtsp://112.245.125.42:1554/iptv/import/Tvod/iptv/001/001/ch10120118342495301658.rsc/69990_Uni.sdp
山东教育,待分类,http://150.138.8.143/00/SNM/CHANNEL00000331/index.m3u8
山东教育,待分类,http://[2409:8087:3c02:0021:0000:0001:0000:100a]:6410/shandong_cabletv.live.zte.com////CHANNEL00000331/index.m3u8?IASHttpSessionId=
山东教育,待分类,http://192.168.31.2:4022/rtp/239.21.1.169:5002
山东经济广播,待分类,http://192.168.31.2:4022/rtp/239.21.2.148:5002
山东经济广播,待分类,rtsp://112.245.125.42:1554/iptv/import/Tvod/iptv/001/001/ch24040915081276788638.rsc/100010_Uni.sdp
山东经济广播,待分类,http://150.138.8.143/00/SNM/CHANNEL00003001/index.m3u8
山东居家购物,待分类,http://150.138.8.143/00/SNM/CHANNEL00000700/index.m3u8
山东居家购物,待分类,http://192.168.31.2:4022/rtp/239.21.1.112:5002
山东居家购物,待分类,http://123.235.73.237:9901/tsfile/live/0002_52.m3u8?key=txiptv
山东居家购物,待分类,rtsp://112.245.125.39:1554/iptv/import/Tvod/iptv/001/001/ch17071714290877281996.rsc/69959_Uni.sdp
山东农科,待分类,http://150.138.8.143/00/SNM/CHANNEL00000339/index.m3u8
山东农科,待分类,http://123.235.73.237:9901/tsfile/live/0002_55.m3u8?key=txiptv
山东农科,待分类,http://192.168.31.2:4022/rtp/239.21.1.183:5002
山东农科,待分类,rtsp://112.245.125.38:1554/iptv/import/Tvod/iptv/001/001/ch11012815072111657053.rsc/70046_Uni.sdp
山东农科,待分类,http://[2409:8087:3c02:0021:0000:0001:0000:100a]:6410/shandong_cabletv.live.zte.com////CHANNEL00000339/index.m3u8?IASHttpSessionId=
山东齐鲁,待分类,rtsp://112.245.125.39:1554/iptv/import/Tvod/iptv/001/001/ch10120117223157422538.rsc/70061_Uni.sdp
山东齐鲁,待分类,http://192.168.31.2:4022/rtp/239.21.1.134:5002
山东少儿,待分类,http://[2409:8087:3c02:0021:0000:0001:0000:100a]:6410/shandong_cabletv.live.zte.com////CHANNEL00000340/index.m3u8?IASHttpSessionId=
山东少儿,待分类,rtsp://112.245.125.48:1554/iptv/import/Tvod/iptv/001/001/ch11012815083626567264.rsc/69988_Uni.sdp
山东少儿,待分类,http://123.235.73.237:9901/tsfile/live/0002_54.m3u8?key=txiptv
山东少儿,待分类,http://192.168.31.2:4022/rtp/239.21.1.208:5002
山东少儿,待分类,http://150.138.8.143/00/SNM/CHANNEL00000340/index.m3u8
山东生活,待分类,rtsp://112.245.125.48:1554/iptv/import/Tvod/iptv/001/001/ch10120117100570561699.rsc/70011_Uni.sdp
山东生活,待分类,http://[2409:8087:3c02:0021:0000:0001:0000:100a]:6410/shandong_cabletv.live.zte.com////CHANNEL00000336/index.m3u8?IASHttpSessionId=
山东生活,待分类,http://150.138.8.143/00/SNM/CHANNEL00000336/index.m3u8
山东生活,待分类,http://192.168.31.2:4022/rtp/239.21.1.175:5002
山东体育,待分类,rtsp://112.245.125.42:1554/iptv/import/Tvod/iptv/001/001/ch10111720502861127519.rsc/70066_Uni.sdp
山东体育,待分类,http://150.138.8.143/00/SNM/CHANNEL00000315/index.m3u8
山东体育,待分类,http://[2409:8087:3c02:0021:0000:0001:0000:100a]:6410/shandong_cabletv.live.zte.com////CHANNEL00000315/index.m3u8?IASHttpSessionId=
山东体育,待分类,http://192.168.31.2:4022/rtp/239.21.1.141:5002
山东体育,待分类,http://[2409:8087:3c02:0021:0000:0001:0000:100a]:6410/shandong_cabletv.live.zte.com////CHANNEL00000400/index.m3u8?IASHttpSessionId=
山东卫视,待分类,http://[2409:8087:1e01:20::3]/PLTV/11/224/3221225733/1.m3u8
山东卫视,待分类,http://123.235.73.237:9901/tsfile/live/0002_17.m3u8?key=txiptv
山东卫视,待分类,http://192.168.31.2:4022/rtp/239.21.1.87:5002
山东卫视,待分类,http://[2409:8087:3c02:0021:0000:0001:0000:100a]:6410/shandong_cabletv.live.zte.com////CHANNEL00000301/index.m3u8?IASHttpSessionId=
山东卫视,待分类,rtsp://112.245.125.38:1554/iptv/import/Tvod/iptv/001/001/ch15050916441119736372.rsc/70010_Uni.sdp
山东卫视,待分类,http://150.138.8.143/00/SNM/CHANNEL00001068/index.m3u8
山东卫视-4K,待分类,http://123.235.73.237:9901/tsfile/live/0002_56.m3u8?key=txiptv
山东卫视-4K,待分类,http://192.168.31.2:4022/rtp/239.21.2.179:5002
山东卫视4K,待分类,rtsp://112.245.125.45:1554/iptv/import/Tvod/iptv/001/001/ch25081411425529721444.rsc/103166_Uni.sdp
山东文旅,待分类,http://192.168.31.2:4022/rtp/239.21.1.176:5002
山东文旅,待分类,rtsp://112.245.125.41:1554/iptv/import/Tvod/iptv/001/001/ch10120117133527564831.rsc/70048_Uni.sdp
山东文旅,待分类,http://[2409:8087:3c02:0021:0000:0001:0000:100a]:6410/shandong_cabletv.live.zte.com////CHANNEL00000337/index.m3u8?IASHttpSessionId=
山东文旅,待分类,http://150.138.8.143/00/SNM/CHANNEL00000337/index.m3u8
山东新闻,待分类,http://123.235.73.237:9901/tsfile/live/0002_53.m3u8?key=txiptv
山东新闻,待分类,http://192.168.31.2:4022/rtp/239.21.1.140:5002
山东新闻,待分类,http://[2409:8087:3c02:0021:0000:0001:0000:100a]:6410/shandong_cabletv.live.zte.com////CHANNEL00000314/index.m3u8?IASHttpSessionId=
山东新闻,待分类,rtsp://112.245.125.38:1554/iptv/import/Tvod/iptv/001/001/ch10120117023986249401.rsc/70005_Uni.sdp
山东综合广播,待分类,http://150.138.8.143/00/SNM/CHANNEL00004008/index.m3u8
山东综合广播,待分类,http://192.168.31.2:4022/rtp/239.21.2.36:5002
山东综艺,待分类,http://123.235.73.237:9901/tsfile/live/0002_49.m3u8?key=txiptv
山东综艺,待分类,http://[2409:8087:3c02:0021:0000:0001:0000:100a]:6410/shandong_cabletv.live.zte.com////CHANNEL00000338/index.m3u8?IASHttpSessionId=
山东综艺,待分类,http://150.138.8.143/00/SNM/CHANNEL00000338/index.m3u8
山东综艺,待分类,rtsp://112.245.125.38:1554/iptv/import/Tvod/iptv/001/001/ch11012815051671532768.rsc/69938_Uni.sdp
山东综艺,待分类,http://192.168.31.2:4022/rtp/239.21.1.177:5002
商河综合,待分类,http://150.138.8.143/00/SNM/CHANNEL00001008/index.m3u8
商河综合,待分类,http://192.168.31.2:4022/rtp/239.21.2.53:5002
陕西卫视,待分类,http://150.138.8.143/00/SNM/CHANNEL00000029/index.m3u8
山西卫视,待分类,http://192.168.31.2:4022/rtp/239.21.1.33:5002
山西卫视,待分类,http://150.138.8.143/00/SNM/CHANNEL00000032/index.m3u8
山西卫视,待分类,http://123.235.73.237:9901/tsfile/live/0002_34.m3u8?key=txiptv
山西卫视,待分类,rtsp://112.245.125.48:1554/iptv/import/Tvod/iptv/001/001/ch10120118303484157828.rsc/70039_Uni.sdp
陕西卫视,待分类,http://123.235.73.237:9901/tsfile/live/0002_35.m3u8?key=txiptv
陕西卫视,待分类,http://192.168.31.2:4022/rtp/239.21.1.30:5002
陕西卫视,待分类,rtsp://112.245.125.47:1554/iptv/import/Tvod/iptv/001/001/ch10120118332130518297.rsc/70017_Uni.sdp
陕西卫视,待分类,http://[2409:8087:1e01:20::3]/PLTV/11/224/3221226086/1.m3u8
山西卫视,待分类,http://[2409:8087:1e01:20::3]/PLTV/11/224/3221226113/1.m3u8
少儿动画,待分类,rtsp://112.245.125.39:1554/iptv/import/Tvod/iptv/001/001/ch11061217221377842336.rsc/70047_Uni.sdp
生活时尚,待分类,rtsp://112.245.125.41:1554/iptv/import/Tvod/iptv/001/001/ch16051316300118213959.rsc/69982_Uni.sdp
生活时尚,待分类,http://150.138.8.143/00/SNM/CHANNEL00002019/index.m3u8
生活时尚,待分类,http://[2409:8087:3c02:0021:0000:0001:0000:100a]:6410/shandong_cabletv.live.zte.com////CHANNEL00002019/index.m3u8?IASHttpSessionId=
生活时尚,待分类,http://192.168.31.2:4022/rtp/239.21.2.103:5002
生活时尚,待分类,http://[2409:8087:1e01:20::3]/PLTV/11/224/3221225768/1.m3u8
生态环境,待分类,rtsp://112.245.125.48:1554/iptv/import/Tvod/iptv/001/001/ch24111213061931833007.rsc/101604_Uni.sdp
莘县综合,待分类,http://192.168.31.2:4022/rtp/239.21.1.211:5002
莘县综合,待分类,http://150.138.8.143/00/SNM/CHANNEL00001047/index.m3u8
深圳卫视,待分类,http://[2409:8087:1e01:20::3]/PLTV/11/224/3221225728/1.m3u8
深圳卫视,待分类,http://192.168.31.2:4022/rtp/239.21.1.93:5002
深圳卫视,待分类,rtsp://112.245.125.47:1554/iptv/import/Tvod/iptv/001/001/ch12051116392957055081.rsc/70071_Uni.sdp
深圳卫视,待分类,http://[2409:8087:3c02:0021:0000:0001:0000:100a]:6410/shandong_cabletv.live.zte.com////CHANNEL00000308/index.m3u8?IASHttpSessionId=
深圳卫视,待分类,http://123.235.73.237:9901/tsfile/live/0002_24.m3u8?key=txiptv
深圳卫视,待分类,http://150.138.8.143/00/SNM/CHANNEL00000308/index.m3u8
深圳卫视-4K,待分类,http://150.138.8.132/PLTV/88888888/224/3221227307/521682571.smil/index.m3u8?fmt=ts2hls
深圳卫视-4K,待分类,http://192.168.31.2:4022/rtp/239.21.2.158:5002
深圳卫视-4K,待分类,http://192.168.31.2:4022/rtp/239.21.2.174:5002
深圳卫视4K,待分类,rtsp://112.245.125.47:1554/iptv/import/Tvod/iptv/001/001/ch25061910020901468282.rsc/103007_Uni.sdp
寿光蔬菜,待分类,http://150.138.8.143/00/SNM/CHANNEL00001045/index.m3u8
寿光蔬菜,待分类,http://192.168.31.2:4022/rtp/239.21.1.218:5002
寿光综合,待分类,http://192.168.31.2:4022/rtp/239.21.1.180:5002
寿光综合,待分类,http://150.138.8.143/00/SNM/CHANNEL00001000/index.m3u8
寿光综合,待分类,http://150.138.8.143/00/SNM/CHANNEL00000702/index.m3u8
收视指南,待分类,rtsp://112.245.125.42:1554/iptv/import/Tvod/iptv/001/001/ch11061217035832697899.rsc/70025_Uni.sdp
书画,待分类,http://192.168.31.2:4022/rtp/239.21.2.111:5002
书画,待分类,http://150.138.8.143/00/SNM/CHANNEL00000651/index.m3u8
书画,待分类,rtsp://112.245.125.39:1554/iptv/import/Tvod/iptv/001/001/ch21092610331127874295.rsc/92486_Uni.sdp
四川卫视,待分类,http://123.235.73.237:9901/tsfile/live/0002_32.m3u8?key=txiptv
四川卫视,待分类,http://192.168.31.2:4022/rtp/239.21.2.15:5002
四川卫视,待分类,rtsp://112.245.125.48:1554/iptv/import/Tvod/iptv/001/001/ch11122400393964414144.rsc/69962_Uni.sdp
四川卫视,待分类,http://[2409:8087:1e01:20::3]/PLTV/11/224/3221226152/1.m3u8
四川卫视,待分类,http://150.138.8.143/00/SNM/CHANNEL00000348/index.m3u8
四川卫视,待分类,http://[2409:8087:3c02:0021:0000:0001:0000:100a]:6410/shandong_cabletv.live.zte.com////CHANNEL00000348/index.m3u8?IASHttpSessionId=
四川卫视-4K,待分类,http://192.168.31.2:4022/rtp/239.21.2.185:5002
四川卫视4K,待分类,rtsp://112.245.125.45:1554/iptv/import/Tvod/iptv/001/001/ch25092214084431033201.rsc/103302_Uni.sdp
四海钓鱼,待分类,http://192.168.31.2:4022/rtp/239.21.2.99:5002
四海钓鱼,待分类,http://150.138.8.143/00/SNM/CHANNEL00000674/index.m3u8
四海钓鱼,待分类,http://192.168.31.2:4022/rtp/239.21.2.180:5002
四海钓鱼,待分类,http://150.138.8.143/00/SNM/CHANNEL00000640/index.m3u8
四海钓鱼,待分类,rtsp://112.245.125.48:1554/iptv/import/Tvod/iptv/001/001/ch22121315043920146188.rsc/96497_Uni.sdp
泰山综合,待分类,http://150.138.8.143/00/SNM/CHANNEL00001114/index.m3u8
泰山综合,待分类,http://192.168.31.2:4022/rtp/239.21.2.147:5002
天津卫视,待分类,http://[2409:8087:3c02:0021:0000:0001:0000:100a]:6410/shandong_cabletv.live.zte.com////CHANNEL00000327/index.m3u8?IASHttpSessionId=
天津卫视,待分类,http://192.168.31.2:4022/rtp/239.21.1.165:5002
天津卫视,待分类,http://123.235.73.237:9901/tsfile/live/0002_64.m3u8?key=txiptv
天津卫视,待分类,rtsp://112.245.125.39:1554/iptv/import/Tvod/iptv/001/001/ch15050917541659846769.rsc/69974_Uni.sdp
天津卫视,待分类,http://150.138.8.143/00/SNM/CHANNEL00000327/index.m3u8
天津卫视,待分类,http://[2409:8087:1e01:20::3]/PLTV/11/224/3221225742/1.m3u8
潍坊高新,待分类,http://150.138.8.143/00/SNM/CHANNEL00001106/index.m3u8
潍坊高新,待分类,http://192.168.31.2:4022/rtp/239.21.2.131:5002
潍坊公共,待分类,http://192.168.31.2:4022/rtp/239.21.2.88:5002
潍坊公共,待分类,http://150.138.8.143/00/SNM/CHANNEL00000217/index.m3u8
潍坊生活,待分类,http://192.168.31.2:4022/rtp/239.21.1.78:5002
潍坊生活,待分类,http://150.138.8.143/00/SNM/CHANNEL00000216/index.m3u8
潍坊文旅,待分类,http://192.168.31.2:4022/rtp/239.21.2.89:5002
潍坊文旅,待分类,http://150.138.8.143/00/SNM/CHANNEL00000218/index.m3u8
潍坊综合,待分类,http://150.138.8.143/00/SNM/CHANNEL00000215/index.m3u8
潍坊综合,待分类,http://192.168.31.2:4022/rtp/239.21.1.77:5002
威海都市生活,待分类,http://150.138.8.143/00/SNM/CHANNEL00000275/index.m3u8
威海都市生活,待分类,http://192.168.31.2:4022/rtp/239.21.2.156:5002
威海综合,待分类,http://192.168.31.2:4022/rtp/239.21.2.155:5002
威海综合,待分类,http://150.138.8.143/00/SNM/CHANNEL00000274/index.m3u8
文登综合,待分类,http://192.168.31.2:4022/rtp/239.21.1.174:5002
汶上综合,待分类,http://150.138.8.143/00/SNM/CHANNEL00001116/index.m3u8
汶上综合,待分类,http://192.168.31.2:4022/rtp/239.21.2.175:5002
文物宝库,待分类,rtsp://112.245.125.47:1554/iptv/import/Tvod/iptv/001/001/ch21092610321303262159.rsc/92509_Uni.sdp
文物宝库,待分类,http://150.138.8.143/00/SNM/CHANNEL00000658/index.m3u8
文物宝库,待分类,http://192.168.31.2:4022/rtp/239.21.2.109:5002
武城综合,待分类,http://192.168.31.2:4022/rtp/239.21.1.239:5002
武城综合,待分类,http://150.138.8.143/00/SNM/CHANNEL00001059/index.m3u8
武城综艺,待分类,http://150.138.8.143/00/SNM/CHANNEL00001060/index.m3u8
无棣综合,待分类,http://150.138.8.143/00/SNM/CHANNEL00001024/index.m3u8
无棣综合,待分类,http://192.168.31.2:4022/rtp/239.21.1.214:5002
武术,待分类,rtsp://112.245.125.48:1554/iptv/import/Tvod/iptv/001/001/ch15090915491066711905.rsc/69984_Uni.sdp
武术世界,待分类,rtsp://112.245.125.41:1554/iptv/import/Tvod/iptv/001/001/ch21092610320200462249.rsc/96396_Uni.sdp
武术世界,待分类,http://192.168.31.2:4022/rtp/239.21.2.96:5002
武术世界,待分类,http://150.138.8.143/00/SNM/CHANNEL00000657/index.m3u8
武侠剧场,待分类,rtsp://112.245.125.42:1554/iptv/import/Tvod/iptv/001/001/ch15090915591653040173.rsc/69952_Uni.sdp
五星体育,待分类,http://[2409:8087:1e01:20::3]/PLTV/11/224/3221225732/1.m3u8
夏津公共,待分类,http://150.138.8.143/00/SNM/CHANNEL00001070/index.m3u8
夏津公共,待分类,http://192.168.31.2:4022/rtp/239.21.1.102:5002
夏津综合,待分类,http://150.138.8.143/00/SNM/CHANNEL00001069/index.m3u8
夏津综合,待分类,http://192.168.31.2:4022/rtp/239.21.1.106:5002
厦门卫视,待分类,rtsp://112.245.125.42:1554/iptv/import/Tvod/iptv/001/001/ch17120418140581348001.rsc/74165_Uni.sdp
厦门卫视,待分类,http://192.168.31.2:4022/rtp/239.21.2.6:5002
厦门卫视,待分类,http://[2409:8087:1e01:20::3]/PLTV/11/224/3221226008/1.m3u8
厦门卫视,待分类,http://150.138.8.143/00/SNM/CHANNEL00000075/index.m3u8
先锋乒羽,待分类,rtsp://112.245.125.42:1554/iptv/import/Tvod/iptv/001/001/ch18120514104123291864.rsc/81479_Uni.sdp
先锋乒羽,待分类,http://150.138.8.143/00/SNM/CHANNEL00000650/index.m3u8
先锋乒羽,待分类,http://192.168.31.2:4022/rtp/239.21.2.98:5002
相声小品,待分类,rtsp://112.245.125.48:1554/iptv/import/Tvod/iptv/001/001/ch13031310531244319435.rsc/70013_Uni.sdp
喜剧影院,待分类,rtsp://112.245.125.38:1554/iptv/import/Tvod/iptv/001/001/ch15090916165898699737.rsc/70008_Uni.sdp
新动漫,待分类,rtsp://112.245.125.48:1554/iptv/import/Tvod/iptv/001/001/ch18120514112382335432.rsc/81475_Uni.sdp
新动漫,待分类,http://150.138.8.143/00/SNM/CHANNEL00000659/index.m3u8
新动漫,待分类,rtsp://112.245.125.47:1554/iptv/import/Tvod/iptv/001/001/ch21082717351468679466.rsc/92373_Uni.sdp
新动漫,待分类,http://192.168.31.2:4022/rtp/239.21.2.93:5002
星影,待分类,rtsp://112.245.125.42:1554/iptv/import/Tvod/iptv/001/001/ch15090916302647677604.rsc/69967_Uni.sdp
新疆卫视,待分类,http://[2409:8087:1e01:20::3]/PLTV/11/224/3221226088/1.m3u8
新疆卫视,待分类,http://[2409:8087:3c02:0021:0000:0001:0000:100a]:6410/shandong_cabletv.live.zte.com////CHANNEL00000393/index.m3u8?IASHttpSessionId=
新疆卫视,待分类,http://192.168.31.2:4022/rtp/239.21.2.187:5002
新疆卫视,待分类,http://150.138.8.143/00/SNM/CHANNEL00000044/index.m3u8
新疆卫视,待分类,http://123.235.73.237:9901/tsfile/live/0002_42.m3u8?key=txiptv
新疆卫视,待分类,rtsp://112.245.125.47:1554/iptv/import/Tvod/iptv/001/001/ch10120118204473437661.rsc/69942_Uni.sdp
新疆卫视,待分类,http://192.168.31.2:4022/rtp/239.21.1.45:5002
新加坡新闻,待分类,http://192.168.31.2:4022/rtp/239.21.2.165:5002
新泰乡村,待分类,http://150.138.8.143/00/SNM/CHANNEL00001066/index.m3u8
新泰乡村,待分类,http://192.168.31.2:4022/rtp/239.21.1.248:5002
新泰综合,待分类,http://192.168.31.2:4022/rtp/239.21.1.210:5002
新泰综合,待分类,http://150.138.8.143/00/SNM/CHANNEL00001029/index.m3u8
戏曲,待分类,rtsp://112.245.125.39:1554/iptv/import/Tvod/iptv/001/001/ch15090915581648434862.rsc/70031_Uni.sdp
西藏卫视,待分类,http://123.235.73.237:9901/tsfile/live/0002_41.m3u8?key=txiptv
西藏卫视,待分类,http://150.138.8.143/00/SNM/CHANNEL00000045/index.m3u8
西藏卫视,待分类,rtsp://112.245.125.47:1554/iptv/import/Tvod/iptv/001/001/ch10120116213780720306.rsc/69953_Uni.sdp
西藏卫视,待分类,http://192.168.31.2:4022/rtp/239.21.1.46:5002
西藏卫视,待分类,http://[2409:8087:3c02:0021:0000:0001:0000:100a]:6410/shandong_cabletv.live.zte.com////CHANNEL00000392/index.m3u8?IASHttpSessionId=
西藏卫视,待分类,http://[2409:8087:1e01:20::3]/PLTV/11/224/3221226012/1.m3u8
西藏卫视,待分类,http://192.168.31.2:4022/rtp/239.21.2.186:5002
延边卫视,待分类,http://192.168.31.2:4022/rtp/239.21.2.137:5002
延边卫视,待分类,http://150.138.8.143/00/SNM/CHANNEL00000668/index.m3u8
延边卫视,待分类,rtsp://112.245.125.48:1554/iptv/import/Tvod/iptv/001/001/ch23072116063432685915.rsc/98595_Uni.sdp
央广购物,待分类,rtsp://112.245.125.41:1554/iptv/import/Tvod/iptv/001/001/ch18102919143814079235.rsc/80244_Uni.sdp
央广购物,待分类,http://150.138.8.143/00/SNM/CHANNEL00000704/index.m3u8
阳信综合,待分类,http://192.168.31.2:4022/rtp/239.21.1.252:5002
阳信综合,待分类,http://150.138.8.143/00/SNM/CHANNEL00001036/index.m3u8
烟台公共,待分类,http://192.168.31.2:4022/rtp/239.21.1.117:5002
烟台公共,待分类,http://150.138.8.143/00/SNM/CHANNEL00000281/index.m3u8
烟台经济,待分类,http://192.168.31.2:4022/rtp/239.21.1.205:5002
烟台经济,待分类,http://150.138.8.143/00/SNM/CHANNEL00000282/index.m3u8
烟台影视,待分类,http://150.138.8.143/00/SNM/CHANNEL00000283/index.m3u8
烟台影视,待分类,http://192.168.31.2:4022/rtp/239.21.1.204:5002
烟台综合,待分类,http://192.168.31.2:4022/rtp/239.21.1.116:5002
烟台综合,待分类,http://150.138.8.143/00/SNM/CHANNEL00000280/index.m3u8
兖州新闻,待分类,http://150.138.8.143/00/SNM/CHANNEL00001051/index.m3u8
兖州新闻,待分类,http://192.168.31.2:4022/rtp/239.21.1.224:5002
音乐现场,待分类,rtsp://112.245.125.38:1554/iptv/import/Tvod/iptv/001/001/ch15090914592145596821.rsc/70070_Uni.sdp
沂水生活,待分类,http://192.168.31.2:4022/rtp/239.21.2.80:5002
沂水生活,待分类,http://150.138.8.143/00/SNM/CHANNEL00001099/index.m3u8
沂水综合,待分类,http://150.138.8.143/00/SNM/CHANNEL00001098/index.m3u8
沂水综合,待分类,http://192.168.31.2:4022/rtp/239.21.2.79:5002
沂源综合,待分类,http://192.168.31.2:4022/rtp/239.21.1.114:5002
沂源综合,待分类,http://150.138.8.143/00/SNM/CHANNEL00001002/index.m3u8
优购物,待分类,rtsp://112.245.125.42:1554/iptv/import/Tvod/iptv/001/001/ch24111213073337804127.rsc/101532_Uni.sdp
优漫卡通,待分类,http://150.138.8.143/00/SNM/CHANNEL00000049/index.m3u8
优漫卡通,待分类,http://192.168.31.2:4022/rtp/239.21.1.50:5002
优漫卡通,待分类,rtsp://112.245.125.48:1554/iptv/import/Tvod/iptv/001/001/ch11042914374730524823.rsc/69927_Uni.sdp
游戏风云,待分类,http://192.168.31.2:4022/rtp/239.21.2.107:5002
游戏风云,待分类,http://[2409:8087:1e01:20::3]/PLTV/11/224/3221226140/1.m3u8
游戏风云,待分类,http://150.138.8.143/00/SNM/CHANNEL00002024/index.m3u8
游戏风云,待分类,http://[2409:8087:3c02:0021:0000:0001:0000:100a]:6410/shandong_cabletv.live.zte.com////CHANNEL00002024/index.m3u8?IASHttpSessionId=
游戏风云,待分类,rtsp://112.245.125.48:1554/iptv/import/Tvod/iptv/001/001/ch16051316213602697345.rsc/70026_Uni.sdp
优优宝贝,待分类,rtsp://112.245.125.41:1554/iptv/import/Tvod/iptv/001/001/ch22122209132553924896.rsc/98132_Uni.sdp
优优宝贝,待分类,http://150.138.8.143/00/SNM/CHANNEL00000641/index.m3u8
优优宝贝,待分类,http://192.168.31.2:4022/rtp/239.21.2.94:5002
禹城综合,待分类,http://150.138.8.143/00/SNM/CHANNEL00001061/index.m3u8
禹城综合,待分类,http://192.168.31.2:4022/rtp/239.21.1.241:5002
禹城综艺,待分类,http://192.168.31.2:4022/rtp/239.21.1.242:5002
禹城综艺,待分类,http://150.138.8.143/00/SNM/CHANNEL00001062/index.m3u8
郓城综合,待分类,http://192.168.31.2:4022/rtp/239.21.1.251:5002
郓城综合,待分类,http://150.138.8.143/00/SNM/CHANNEL00001041/index.m3u8
云南卫视,待分类,http://192.168.31.2:4022/rtp/239.21.2.86:5002
云南卫视,待分类,http://150.138.8.143/00/SNM/CHANNEL00000367/index.m3u8
云南卫视,待分类,http://[2409:8087:1e01:20::3]/PLTV/11/224/3221226151/1.m3u8
云南卫视,待分类,http://[2409:8087:3c02:0021:0000:0001:0000:100a]:6410/shandong_cabletv.live.zte.com////CHANNEL00000367/index.m3u8?IASHttpSessionId=
云南卫视,待分类,rtsp://112.245.125.41:1554/iptv/import/Tvod/iptv/001/001/ch10120116144658191615.rsc/69926_Uni.sdp
云南卫视,待分类,http://150.138.8.143/00/SNM/CHANNEL00000039/index.m3u8
鱼台生活,待分类,http://192.168.31.2:4022/rtp/239.21.2.135:5002
鱼台生活,待分类,http://150.138.8.143/00/SNM/CHANNEL00001108/index.m3u8
鱼台综合,待分类,http://192.168.31.2:4022/rtp/239.21.2.134:5002
鱼台综合,待分类,http://150.138.8.143/00/SNM/CHANNEL00001107/index.m3u8
早教,待分类,rtsp://112.245.125.42:1554/iptv/import/Tvod/iptv/001/001/ch15090916274339587371.rsc/69944_Uni.sdp
长岛综合,待分类,http://150.138.8.143/00/SNM/CHANNEL00001090/index.m3u8
长岛综合,待分类,http://192.168.31.2:4022/rtp/239.21.2.52:5002
张店综合,待分类,http://192.168.31.2:4022/rtp/239.21.2.138:5002
张店综合,待分类,http://150.138.8.143/00/SNM/CHANNEL00001012/index.m3u8
长清综合,待分类,http://192.168.31.2:4022/rtp/239.21.1.107:5002
长清综合,待分类,http://150.138.8.143/00/SNM/CHANNEL00001018/index.m3u8
章丘综合,待分类,http://150.138.8.143/00/SNM/CHANNEL00004009/index.m3u8
沾化综合,待分类,http://150.138.8.143/00/SNM/CHANNEL00001035/index.m3u8
沾化综合,待分类,http://192.168.31.2:4022/rtp/239.21.1.226:5002
招远综合,待分类,http://150.138.8.143/00/SNM/CHANNEL00001113/index.m3u8
招远综合,待分类,http://192.168.31.2:4022/rtp/239.21.2.145:5002
浙江卫视,待分类,http://123.235.73.237:9901/tsfile/live/0002_19.m3u8?key=txiptv
浙江卫视,待分类,rtsp://112.245.125.45:1554/iptv/import/Tvod/iptv/001/001/ch15050917541521964962.rsc/69949_Uni.sdp
浙江卫视,待分类,http://[2409:8087:1e01:20::3]/PLTV/11/224/3221225727/1.m3u8
浙江卫视,待分类,http://192.168.31.2:4022/rtp/239.21.1.90:5002
浙江卫视,待分类,http://150.138.8.143/00/SNM/CHANNEL00000305/index.m3u8
浙江卫视,待分类,http://[2409:8087:3c02:0021:0000:0001:0000:100a]:6410/shandong_cabletv.live.zte.com////CHANNEL00000305/index.m3u8?IASHttpSessionId=
浙江卫视-4K,待分类,http://123.235.73.237:9901/tsfile/live/0002_58.m3u8?key=txiptv
浙江卫视-4K,待分类,http://192.168.31.2:4022/rtp/239.21.2.182:5002
浙江卫视4K,待分类,rtsp://112.245.125.45:1554/iptv/import/Tvod/iptv/001/001/ch25092214075944736959.rsc/103230_Uni.sdp
智慧康养,待分类,http://[2409:8087:3c02:0021:0000:0001:0000:100a]:6410/shandong_cabletv.live.zte.com////CHANNEL00002031/index.m3u8?IASHttpSessionId=
中国交通,待分类,http://150.138.8.143/00/SNM/CHANNEL00000073/index.m3u8
中国交通,待分类,rtsp://112.245.125.41:1554/iptv/import/Tvod/iptv/001/001/ch20110221445820405906.rsc/90479_Uni.sdp
中国交通,待分类,http://192.168.31.2:4022/rtp/239.21.1.115:5002
中国教育1,待分类,rtsp://112.245.125.42:1554/iptv/import/Tvod/iptv/001/001/ch17120418204481298161.rsc/74278_Uni.sdp
中国教育2,待分类,rtsp://112.245.125.39:1554/iptv/import/Tvod/iptv/001/001/ch17120417211408620162.rsc/74298_Uni.sdp
中国教育4,待分类,rtsp://112.245.125.48:1554/iptv/import/Tvod/iptv/001/001/ch17120418055568047747.rsc/74289_Uni.sdp
中华特产,待分类,rtsp://112.245.125.47:1554/iptv/import/Tvod/iptv/001/001/ch22122209144768479365.rsc/98231_Uni.sdp
中华特产,待分类,http://192.168.31.2:4022/rtp/239.21.2.177:5002
中华特产,待分类,http://150.138.8.143/00/SNM/CHANNEL00000642/index.m3u8
中华特产,待分类,http://150.138.8.143/00/SNM/CHANNEL00000672/index.m3u8
中学生,待分类,rtsp://112.245.125.41:1554/iptv/import/Tvod/iptv/001/001/ch24012314300175015886.rsc/100054_Uni.sdp
中央新影 中学生,待分类,http://150.138.8.143/00/SNM/CHANNEL00000673/index.m3u8
中央新影 中学生,待分类,http://123.235.73.237:9901/tsfile/live/0002_66.m3u8?key=txiptv
中央新影 中学生,待分类,http://192.168.31.2:4022/rtp/239.21.2.176:5002
周村新闻,待分类,http://150.138.8.143/00/SNM/CHANNEL00001019/index.m3u8
周村新闻,待分类,http://192.168.31.2:4022/rtp/239.21.2.150:5002
诸城综合,待分类,http://150.138.8.143/00/SNM/CHANNEL00001004/index.m3u8
诸城综合,待分类,http://192.168.31.2:4022/rtp/239.21.1.217:5002
淄博民生,待分类,http://192.168.31.2:4022/rtp/239.21.1.109:5002
淄博民生,待分类,http://150.138.8.143/00/SNM/CHANNEL00000294/index.m3u8
淄博文旅,待分类,http://192.168.31.2:4022/rtp/239.21.1.83:5002
淄博文旅,待分类,http://150.138.8.143/00/SNM/CHANNEL00000293/index.m3u8
淄博影视,待分类,http://192.168.31.2:4022/rtp/239.21.1.182:5002
淄博影视,待分类,http://150.138.8.143/00/SNM/CHANNEL00001037/index.m3u8
淄博综合,待分类,http://150.138.8.143/00/SNM/CHANNEL00000292/index.m3u8
淄博综合,待分类,http://192.168.31.2:4022/rtp/239.21.1.84:5002
淄川新闻,待分类,http://192.168.31.2:4022/rtp/239.21.1.160:5002
淄川新闻,待分类,http://150.138.8.143/00/SNM/CHANNEL00001007/index.m3u8
综合测试,待分类,http://192.168.31.2:4022/rtp/239.21.1.203:5002
邹城综合,待分类,http://150.138.8.143/00/SNM/CHANNEL00001038/index.m3u8
邹城综合,待分类,http://192.168.31.2:4022/rtp/239.21.1.185:5002
邹平综合,待分类,http://150.138.8.143/00/SNM/CHANNEL00001058/index.m3u8
邹平综合,待分类,http://192.168.31.2:4022/rtp/239.21.1.238:5002
足球,待分类,rtsp://112.245.125.42:1554/iptv/import/Tvod/iptv/001/001/ch15090915041757410943.rsc/69998_Uni.sdp
